country_standard,year,ogp_considerations_transparency,ogp_participating,ogp_considerations_text
Afghanistan,2006,NA,0,NA
Afghanistan,2007,NA,0,NA
Afghanistan,2008,NA,0,NA
Afghanistan,2009,NA,0,NA
Afghanistan,2010,NA,0,NA
Afghanistan,2011,1,0,Consider Action
Afghanistan,2012,1,0,Consider Action
Afghanistan,2013,1,0,Consider Action
Afghanistan,2014,1,0,Consider Action
Afghanistan,2015,1,0,Consider Action
Afghanistan,2016,1,0,Consider Action
Afghanistan,2017,1,1,Consider Action
Afghanistan,2018,1,1,Consider Action
Afghanistan,2019,1,1,Consider Action
Afghanistan,2020,NA,0,NA
Afghanistan,2021,NA,0,NA
Albania,2006,NA,0,NA
Albania,2007,NA,0,NA
Albania,2008,NA,0,NA
Albania,2009,NA,0,NA
Albania,2010,NA,0,NA
Albania,2011,2,1,Implement for Results
Albania,2012,2,1,Implement for Results
Albania,2013,2,1,Implement for Results
Albania,2014,2,1,Implement for Results
Albania,2015,2,1,Implement for Results
Albania,2016,2,1,Implement for Results
Albania,2017,2,1,Implement for Results
Albania,2018,2,1,Implement for Results
Albania,2019,2,1,Implement for Results
Albania,2020,NA,0,NA
Albania,2021,NA,0,NA
Algeria,2006,NA,0,NA
Algeria,2007,NA,0,NA
Algeria,2008,NA,0,NA
Algeria,2009,NA,0,NA
Algeria,2010,NA,0,NA
Algeria,2011,NA,0,NA
Algeria,2012,NA,0,NA
Algeria,2013,NA,0,NA
Algeria,2014,NA,0,NA
Algeria,2015,NA,0,NA
Algeria,2016,NA,0,NA
Algeria,2017,NA,0,NA
Algeria,2018,NA,0,NA
Algeria,2019,NA,0,NA
Algeria,2020,NA,0,NA
Algeria,2021,NA,0,NA
American Samoa,2006,NA,0,NA
American Samoa,2007,NA,0,NA
American Samoa,2008,NA,0,NA
American Samoa,2009,NA,0,NA
American Samoa,2010,NA,0,NA
American Samoa,2011,NA,0,NA
American Samoa,2012,NA,0,NA
American Samoa,2013,NA,0,NA
American Samoa,2014,NA,0,NA
American Samoa,2015,NA,0,NA
American Samoa,2016,NA,0,NA
American Samoa,2017,NA,0,NA
American Samoa,2018,NA,0,NA
American Samoa,2019,NA,0,NA
Andorra,2006,NA,0,NA
Andorra,2007,NA,0,NA
Andorra,2008,NA,0,NA
Andorra,2009,NA,0,NA
Andorra,2010,NA,0,NA
Andorra,2011,NA,0,NA
Andorra,2012,NA,0,NA
Andorra,2013,NA,0,NA
Andorra,2014,NA,0,NA
Andorra,2015,NA,0,NA
Andorra,2016,NA,0,NA
Andorra,2017,NA,0,NA
Andorra,2018,NA,0,NA
Andorra,2019,NA,0,NA
Andorra,2020,NA,0,NA
Andorra,2021,NA,0,NA
Angola,2006,NA,0,NA
Angola,2007,NA,0,NA
Angola,2008,NA,0,NA
Angola,2009,NA,0,NA
Angola,2010,NA,0,NA
Angola,2011,NA,0,NA
Angola,2012,NA,0,NA
Angola,2013,NA,0,NA
Angola,2014,NA,0,NA
Angola,2015,NA,0,NA
Angola,2016,NA,0,NA
Angola,2017,NA,0,NA
Angola,2018,NA,0,NA
Angola,2019,NA,0,NA
Angola,2020,NA,0,NA
Angola,2021,NA,0,NA
Anguilla,2006,NA,0,NA
Anguilla,2007,NA,0,NA
Anguilla,2008,NA,0,NA
Anguilla,2009,NA,0,NA
Anguilla,2010,NA,0,NA
Anguilla,2011,NA,0,NA
Anguilla,2012,NA,0,NA
Anguilla,2013,NA,0,NA
Anguilla,2014,NA,0,NA
Anguilla,2015,NA,0,NA
Anguilla,2016,NA,0,NA
Anguilla,2017,NA,0,NA
Anguilla,2018,NA,0,NA
Anguilla,2019,NA,0,NA
Anguilla,2021,NA,0,NA
Antigua & Barbuda,2006,NA,0,NA
Antigua & Barbuda,2007,NA,0,NA
Antigua & Barbuda,2008,NA,0,NA
Antigua & Barbuda,2009,NA,0,NA
Antigua & Barbuda,2010,NA,0,NA
Antigua & Barbuda,2011,NA,0,NA
Antigua & Barbuda,2012,NA,0,NA
Antigua & Barbuda,2013,NA,0,NA
Antigua & Barbuda,2014,NA,0,NA
Antigua & Barbuda,2015,NA,0,NA
Antigua & Barbuda,2016,NA,0,NA
Antigua & Barbuda,2017,NA,0,NA
Antigua & Barbuda,2018,NA,0,NA
Antigua & Barbuda,2019,NA,0,NA
Antigua & Barbuda,2020,NA,0,NA
Antigua & Barbuda,2021,NA,0,NA
Argentina,2006,NA,0,NA
Argentina,2007,NA,0,NA
Argentina,2008,NA,0,NA
Argentina,2009,NA,0,NA
Argentina,2010,NA,0,NA
Argentina,2011,2,0,Implement for Results
Argentina,2012,2,1,Implement for Results
Argentina,2013,2,1,Implement for Results
Argentina,2014,2,1,Implement for Results
Argentina,2015,2,1,Implement for Results
Argentina,2016,2,1,Implement for Results
Argentina,2017,2,1,Implement for Results
Argentina,2018,2,1,Implement for Results
Argentina,2019,2,1,Implement for Results
Argentina,2020,NA,0,NA
Argentina,2021,NA,0,NA
Armenia,2006,NA,0,NA
Armenia,2007,NA,0,NA
Armenia,2008,NA,0,NA
Armenia,2009,NA,0,NA
Armenia,2010,NA,0,NA
Armenia,2011,2,1,Implement for Results
Armenia,2012,2,1,Implement for Results
Armenia,2013,2,1,Implement for Results
Armenia,2014,2,1,Implement for Results
Armenia,2015,2,1,Implement for Results
Armenia,2016,2,1,Implement for Results
Armenia,2017,2,1,Implement for Results
Armenia,2018,2,1,Implement for Results
Armenia,2019,2,1,Implement for Results
Armenia,2020,NA,0,NA
Armenia,2021,NA,0,NA
Aruba,2006,NA,0,NA
Aruba,2007,NA,0,NA
Aruba,2008,NA,0,NA
Aruba,2009,NA,0,NA
Aruba,2010,NA,0,NA
Aruba,2011,NA,0,NA
Aruba,2012,NA,0,NA
Aruba,2013,NA,0,NA
Aruba,2014,NA,0,NA
Aruba,2015,NA,0,NA
Aruba,2016,NA,0,NA
Aruba,2017,NA,0,NA
Aruba,2018,NA,0,NA
Aruba,2019,NA,0,NA
Australia,2006,NA,0,NA
Australia,2007,NA,0,NA
Australia,2008,NA,0,NA
Australia,2009,NA,0,NA
Australia,2010,NA,0,NA
Australia,2011,3,0,Share Innovation
Australia,2012,3,0,Share Innovation
Australia,2013,3,0,Share Innovation
Australia,2014,3,0,Share Innovation
Australia,2015,3,1,Share Innovation
Australia,2016,3,1,Share Innovation
Australia,2017,3,1,Share Innovation
Australia,2018,3,1,Share Innovation
Australia,2019,3,1,Share Innovation
Australia,2020,NA,0,NA
Australia,2021,NA,0,NA
Austria,2006,NA,0,NA
Austria,2007,NA,0,NA
Austria,2008,NA,0,NA
Austria,2009,NA,0,NA
Austria,2010,NA,0,NA
Austria,2011,NA,0,NA
Austria,2012,NA,0,NA
Austria,2013,NA,0,NA
Austria,2014,NA,0,NA
Austria,2015,NA,0,NA
Austria,2016,NA,0,NA
Austria,2017,NA,0,NA
Austria,2018,NA,0,NA
Austria,2019,NA,0,NA
Austria,2020,NA,0,NA
Austria,2021,NA,0,NA
Azerbaijan,2006,NA,0,NA
Azerbaijan,2007,NA,0,NA
Azerbaijan,2008,NA,0,NA
Azerbaijan,2009,NA,0,NA
Azerbaijan,2010,NA,0,NA
Azerbaijan,2011,2,1,Implement for Results
Azerbaijan,2012,2,1,Implement for Results
Azerbaijan,2013,2,1,Implement for Results
Azerbaijan,2014,2,1,Implement for Results
Azerbaijan,2015,2,1,Implement for Results
Azerbaijan,2016,2,1,Implement for Results
Azerbaijan,2017,2,1,Implement for Results
Azerbaijan,2018,2,1,Implement for Results
Azerbaijan,2019,2,1,Implement for Results
Azerbaijan,2020,NA,0,NA
Azerbaijan,2021,NA,0,NA
Bahamas,2006,NA,0,NA
Bahamas,2007,NA,0,NA
Bahamas,2008,NA,0,NA
Bahamas,2009,NA,0,NA
Bahamas,2010,NA,0,NA
Bahamas,2011,NA,0,NA
Bahamas,2012,NA,0,NA
Bahamas,2013,NA,0,NA
Bahamas,2014,NA,0,NA
Bahamas,2015,NA,0,NA
Bahamas,2016,NA,0,NA
Bahamas,2017,NA,0,NA
Bahamas,2018,NA,0,NA
Bahamas,2019,NA,0,NA
Bahamas,2020,NA,0,NA
Bahamas,2021,NA,0,NA
Bahrain,2006,NA,0,NA
Bahrain,2007,NA,0,NA
Bahrain,2008,NA,0,NA
Bahrain,2009,NA,0,NA
Bahrain,2010,NA,0,NA
Bahrain,2011,NA,0,NA
Bahrain,2012,NA,0,NA
Bahrain,2013,NA,0,NA
Bahrain,2014,NA,0,NA
Bahrain,2015,NA,0,NA
Bahrain,2016,NA,0,NA
Bahrain,2017,NA,0,NA
Bahrain,2018,NA,0,NA
Bahrain,2019,NA,0,NA
Bahrain,2020,NA,0,NA
Bahrain,2021,NA,0,NA
Bangladesh,2006,NA,0,NA
Bangladesh,2007,NA,0,NA
Bangladesh,2008,NA,0,NA
Bangladesh,2009,NA,0,NA
Bangladesh,2010,NA,0,NA
Bangladesh,2011,NA,0,NA
Bangladesh,2012,NA,0,NA
Bangladesh,2013,NA,0,NA
Bangladesh,2014,NA,0,NA
Bangladesh,2015,NA,0,NA
Bangladesh,2016,NA,0,NA
Bangladesh,2017,NA,0,NA
Bangladesh,2018,NA,0,NA
Bangladesh,2019,NA,0,NA
Bangladesh,2020,NA,0,NA
Bangladesh,2021,NA,0,NA
Barbados,2006,NA,0,NA
Barbados,2007,NA,0,NA
Barbados,2008,NA,0,NA
Barbados,2009,NA,0,NA
Barbados,2010,NA,0,NA
Barbados,2011,NA,0,NA
Barbados,2012,NA,0,NA
Barbados,2013,NA,0,NA
Barbados,2014,NA,0,NA
Barbados,2015,NA,0,NA
Barbados,2016,NA,0,NA
Barbados,2017,NA,0,NA
Barbados,2018,NA,0,NA
Barbados,2019,NA,0,NA
Barbados,2020,NA,0,NA
Barbados,2021,NA,0,NA
Belarus,2006,NA,0,NA
Belarus,2007,NA,0,NA
Belarus,2008,NA,0,NA
Belarus,2009,NA,0,NA
Belarus,2010,NA,0,NA
Belarus,2011,NA,0,NA
Belarus,2012,NA,0,NA
Belarus,2013,NA,0,NA
Belarus,2014,NA,0,NA
Belarus,2015,NA,0,NA
Belarus,2016,NA,0,NA
Belarus,2017,NA,0,NA
Belarus,2018,NA,0,NA
Belarus,2019,NA,0,NA
Belarus,2020,NA,0,NA
Belarus,2021,NA,0,NA
Belgium,2006,NA,0,NA
Belgium,2007,NA,0,NA
Belgium,2008,NA,0,NA
Belgium,2009,NA,0,NA
Belgium,2010,NA,0,NA
Belgium,2011,NA,0,NA
Belgium,2012,NA,0,NA
Belgium,2013,NA,0,NA
Belgium,2014,NA,0,NA
Belgium,2015,NA,0,NA
Belgium,2016,NA,0,NA
Belgium,2017,NA,0,NA
Belgium,2018,NA,0,NA
Belgium,2019,NA,0,NA
Belgium,2020,NA,0,NA
Belgium,2021,NA,0,NA
Belize,2006,NA,0,NA
Belize,2007,NA,0,NA
Belize,2008,NA,0,NA
Belize,2009,NA,0,NA
Belize,2010,NA,0,NA
Belize,2011,NA,0,NA
Belize,2012,NA,0,NA
Belize,2013,NA,0,NA
Belize,2014,NA,0,NA
Belize,2015,NA,0,NA
Belize,2016,NA,0,NA
Belize,2017,NA,0,NA
Belize,2018,NA,0,NA
Belize,2019,NA,0,NA
Belize,2020,NA,0,NA
Belize,2021,NA,0,NA
Benin,2006,NA,0,NA
Benin,2007,NA,0,NA
Benin,2008,NA,0,NA
Benin,2009,NA,0,NA
Benin,2010,NA,0,NA
Benin,2011,NA,0,NA
Benin,2012,NA,0,NA
Benin,2013,NA,0,NA
Benin,2014,NA,0,NA
Benin,2015,NA,0,NA
Benin,2016,NA,0,NA
Benin,2017,NA,0,NA
Benin,2018,NA,0,NA
Benin,2019,NA,0,NA
Benin,2020,NA,0,NA
Benin,2021,NA,0,NA
Bermuda,2006,NA,0,NA
Bermuda,2007,NA,0,NA
Bermuda,2008,NA,0,NA
Bermuda,2009,NA,0,NA
Bermuda,2010,NA,0,NA
Bermuda,2011,NA,0,NA
Bermuda,2012,NA,0,NA
Bermuda,2013,NA,0,NA
Bermuda,2014,NA,0,NA
Bermuda,2015,NA,0,NA
Bermuda,2016,NA,0,NA
Bermuda,2017,NA,0,NA
Bermuda,2018,NA,0,NA
Bermuda,2019,NA,0,NA
Bermuda,2021,NA,0,NA
Bhutan,2006,NA,0,NA
Bhutan,2007,NA,0,NA
Bhutan,2008,NA,0,NA
Bhutan,2009,NA,0,NA
Bhutan,2010,NA,0,NA
Bhutan,2011,NA,0,NA
Bhutan,2012,NA,0,NA
Bhutan,2013,NA,0,NA
Bhutan,2014,NA,0,NA
Bhutan,2015,NA,0,NA
Bhutan,2016,NA,0,NA
Bhutan,2017,NA,0,NA
Bhutan,2018,NA,0,NA
Bhutan,2019,NA,0,NA
Bhutan,2020,NA,0,NA
Bhutan,2021,NA,0,NA
Bolivia,2006,NA,0,NA
Bolivia,2007,NA,0,NA
Bolivia,2008,NA,0,NA
Bolivia,2009,NA,0,NA
Bolivia,2010,NA,0,NA
Bolivia,2011,NA,0,NA
Bolivia,2012,NA,0,NA
Bolivia,2013,NA,0,NA
Bolivia,2014,NA,0,NA
Bolivia,2015,NA,0,NA
Bolivia,2016,NA,0,NA
Bolivia,2017,NA,0,NA
Bolivia,2018,NA,0,NA
Bolivia,2019,NA,0,NA
Bolivia,2020,NA,0,NA
Bolivia,2021,NA,0,NA
Bosnia & Herzegovina,2006,NA,0,NA
Bosnia & Herzegovina,2007,NA,0,NA
Bosnia & Herzegovina,2008,NA,0,NA
Bosnia & Herzegovina,2009,NA,0,NA
Bosnia & Herzegovina,2010,NA,0,NA
Bosnia & Herzegovina,2011,NA,0,NA
Bosnia & Herzegovina,2012,NA,0,NA
Bosnia & Herzegovina,2013,NA,0,NA
Bosnia & Herzegovina,2014,NA,1,NA
Bosnia & Herzegovina,2015,NA,1,NA
Bosnia & Herzegovina,2016,NA,1,NA
Bosnia & Herzegovina,2017,NA,1,NA
Bosnia & Herzegovina,2018,NA,1,NA
Bosnia & Herzegovina,2019,NA,1,NA
Bosnia & Herzegovina,2020,NA,0,NA
Bosnia & Herzegovina,2021,NA,0,NA
Botswana,2006,NA,0,NA
Botswana,2007,NA,0,NA
Botswana,2008,NA,0,NA
Botswana,2009,NA,0,NA
Botswana,2010,NA,0,NA
Botswana,2011,NA,0,NA
Botswana,2012,NA,0,NA
Botswana,2013,NA,0,NA
Botswana,2014,NA,0,NA
Botswana,2015,NA,0,NA
Botswana,2016,NA,0,NA
Botswana,2017,NA,0,NA
Botswana,2018,NA,0,NA
Botswana,2019,NA,0,NA
Botswana,2020,NA,0,NA
Botswana,2021,NA,0,NA
Brazil,2006,NA,0,NA
Brazil,2007,NA,0,NA
Brazil,2008,NA,0,NA
Brazil,2009,NA,0,NA
Brazil,2010,NA,0,NA
Brazil,2011,3,1,Share Innovation
Brazil,2012,3,1,Share Innovation
Brazil,2013,3,1,Share Innovation
Brazil,2014,3,1,Share Innovation
Brazil,2015,3,1,Share Innovation
Brazil,2016,3,1,Share Innovation
Brazil,2017,3,1,Share Innovation
Brazil,2018,3,1,Share Innovation
Brazil,2019,3,1,Share Innovation
Brazil,2020,NA,0,NA
Brazil,2021,NA,0,NA
British Virgin Islands,2010,NA,0,NA
British Virgin Islands,2011,NA,0,NA
British Virgin Islands,2012,NA,0,NA
British Virgin Islands,2013,NA,0,NA
British Virgin Islands,2014,NA,0,NA
British Virgin Islands,2015,NA,0,NA
British Virgin Islands,2016,NA,0,NA
British Virgin Islands,2017,NA,0,NA
British Virgin Islands,2018,NA,0,NA
British Virgin Islands,2019,NA,0,NA
Brunei,2006,NA,0,NA
Brunei,2007,NA,0,NA
Brunei,2008,NA,0,NA
Brunei,2009,NA,0,NA
Brunei,2010,NA,0,NA
Brunei,2011,NA,0,NA
Brunei,2012,NA,0,NA
Brunei,2013,NA,0,NA
Brunei,2014,NA,0,NA
Brunei,2015,NA,0,NA
Brunei,2016,NA,0,NA
Brunei,2017,NA,0,NA
Brunei,2018,NA,0,NA
Brunei,2019,NA,0,NA
Brunei,2020,NA,0,NA
Brunei,2021,NA,0,NA
Bulgaria,2006,NA,0,NA
Bulgaria,2007,NA,0,NA
Bulgaria,2008,NA,0,NA
Bulgaria,2009,NA,0,NA
Bulgaria,2010,NA,0,NA
Bulgaria,2011,2,1,Implement for Results
Bulgaria,2012,2,1,Implement for Results
Bulgaria,2013,2,1,Implement for Results
Bulgaria,2014,2,1,Implement for Results
Bulgaria,2015,2,1,Implement for Results
Bulgaria,2016,2,1,Implement for Results
Bulgaria,2017,2,1,Implement for Results
Bulgaria,2018,2,1,Implement for Results
Bulgaria,2019,2,1,Implement for Results
Bulgaria,2020,NA,0,NA
Bulgaria,2021,NA,0,NA
Burkina Faso,2006,NA,0,NA
Burkina Faso,2007,NA,0,NA
Burkina Faso,2008,NA,0,NA
Burkina Faso,2009,NA,0,NA
Burkina Faso,2010,NA,0,NA
Burkina Faso,2011,1,0,Consider Action
Burkina Faso,2012,1,0,Consider Action
Burkina Faso,2013,1,0,Consider Action
Burkina Faso,2014,1,0,Consider Action
Burkina Faso,2015,1,0,Consider Action
Burkina Faso,2016,1,1,Consider Action
Burkina Faso,2017,1,1,Consider Action
Burkina Faso,2018,1,1,Consider Action
Burkina Faso,2019,1,1,Consider Action
Burkina Faso,2020,NA,0,NA
Burkina Faso,2021,NA,0,NA
Burundi,2006,NA,0,NA
Burundi,2007,NA,0,NA
Burundi,2008,NA,0,NA
Burundi,2009,NA,0,NA
Burundi,2010,NA,0,NA
Burundi,2011,NA,0,NA
Burundi,2012,NA,0,NA
Burundi,2013,NA,0,NA
Burundi,2014,NA,0,NA
Burundi,2015,NA,0,NA
Burundi,2016,NA,0,NA
Burundi,2017,NA,0,NA
Burundi,2018,NA,0,NA
Burundi,2019,NA,0,NA
Burundi,2020,NA,0,NA
Burundi,2021,NA,0,NA
Cambodia,2006,NA,0,NA
Cambodia,2007,NA,0,NA
Cambodia,2008,NA,0,NA
Cambodia,2009,NA,0,NA
Cambodia,2010,NA,0,NA
Cambodia,2011,NA,0,NA
Cambodia,2012,NA,0,NA
Cambodia,2013,NA,0,NA
Cambodia,2014,NA,0,NA
Cambodia,2015,NA,0,NA
Cambodia,2016,NA,0,NA
Cambodia,2017,NA,0,NA
Cambodia,2018,NA,0,NA
Cambodia,2019,NA,0,NA
Cambodia,2020,NA,0,NA
Cambodia,2021,NA,0,NA
Cameroon,2006,NA,0,NA
Cameroon,2007,NA,0,NA
Cameroon,2008,NA,0,NA
Cameroon,2009,NA,0,NA
Cameroon,2010,NA,0,NA
Cameroon,2011,NA,0,NA
Cameroon,2012,NA,0,NA
Cameroon,2013,NA,0,NA
Cameroon,2014,NA,0,NA
Cameroon,2015,NA,0,NA
Cameroon,2016,NA,0,NA
Cameroon,2017,NA,0,NA
Cameroon,2018,NA,0,NA
Cameroon,2019,NA,0,NA
Cameroon,2020,NA,0,NA
Cameroon,2021,NA,0,NA
Canada,2006,NA,0,NA
Canada,2007,NA,0,NA
Canada,2008,NA,0,NA
Canada,2009,NA,0,NA
Canada,2010,NA,0,NA
Canada,2011,2,1,Implement for Results
Canada,2012,2,1,Implement for Results
Canada,2013,2,1,Implement for Results
Canada,2014,2,1,Implement for Results
Canada,2015,2,1,Implement for Results
Canada,2016,2,1,Implement for Results
Canada,2017,2,1,Implement for Results
Canada,2018,2,1,Implement for Results
Canada,2019,2,1,Implement for Results
Canada,2020,NA,0,NA
Canada,2021,NA,0,NA
Cape Verde,2006,NA,0,NA
Cape Verde,2007,NA,0,NA
Cape Verde,2008,NA,0,NA
Cape Verde,2009,NA,0,NA
Cape Verde,2010,NA,0,NA
Cape Verde,2011,NA,0,NA
Cape Verde,2012,NA,0,NA
Cape Verde,2013,NA,0,NA
Cape Verde,2014,NA,0,NA
Cape Verde,2015,NA,1,NA
Cape Verde,2016,NA,1,NA
Cape Verde,2017,NA,1,NA
Cape Verde,2018,NA,1,NA
Cape Verde,2019,NA,1,NA
Cape Verde,2020,NA,0,NA
Cape Verde,2021,NA,0,NA
Cayman Islands,2006,NA,0,NA
Cayman Islands,2007,NA,0,NA
Cayman Islands,2008,NA,0,NA
Cayman Islands,2009,NA,0,NA
Cayman Islands,2010,NA,0,NA
Cayman Islands,2011,NA,0,NA
Cayman Islands,2012,NA,0,NA
Cayman Islands,2013,NA,0,NA
Cayman Islands,2014,NA,0,NA
Cayman Islands,2015,NA,0,NA
Cayman Islands,2016,NA,0,NA
Cayman Islands,2017,NA,0,NA
Cayman Islands,2018,NA,0,NA
Cayman Islands,2019,NA,0,NA
Cayman Islands,2020,NA,0,NA
Cayman Islands,2021,NA,0,NA
Central African Republic,2006,NA,0,NA
Central African Republic,2007,NA,0,NA
Central African Republic,2008,NA,0,NA
Central African Republic,2009,NA,0,NA
Central African Republic,2010,NA,0,NA
Central African Republic,2011,NA,0,NA
Central African Republic,2012,NA,0,NA
Central African Republic,2013,NA,0,NA
Central African Republic,2014,NA,0,NA
Central African Republic,2015,NA,0,NA
Central African Republic,2016,NA,0,NA
Central African Republic,2017,NA,0,NA
Central African Republic,2018,NA,0,NA
Central African Republic,2019,NA,0,NA
Central African Republic,2020,NA,0,NA
Central African Republic,2021,NA,0,NA
Chad,2006,NA,0,NA
Chad,2007,NA,0,NA
Chad,2008,NA,0,NA
Chad,2009,NA,0,NA
Chad,2010,NA,0,NA
Chad,2011,NA,0,NA
Chad,2012,NA,0,NA
Chad,2013,NA,0,NA
Chad,2014,NA,0,NA
Chad,2015,NA,0,NA
Chad,2016,NA,0,NA
Chad,2017,NA,0,NA
Chad,2018,NA,0,NA
Chad,2019,NA,0,NA
Chad,2020,NA,0,NA
Chad,2021,NA,0,NA
Channel Islands,2010,NA,0,NA
Channel Islands,2011,NA,0,NA
Channel Islands,2012,NA,0,NA
Channel Islands,2013,NA,0,NA
Channel Islands,2014,NA,0,NA
Channel Islands,2015,NA,0,NA
Channel Islands,2016,NA,0,NA
Channel Islands,2017,NA,0,NA
Channel Islands,2018,NA,0,NA
Channel Islands,2019,NA,0,NA
Chile,2006,NA,0,NA
Chile,2007,NA,0,NA
Chile,2008,NA,0,NA
Chile,2009,NA,0,NA
Chile,2010,NA,0,NA
Chile,2011,2,1,Implement for Results
Chile,2012,2,1,Implement for Results
Chile,2013,2,1,Implement for Results
Chile,2014,2,1,Implement for Results
Chile,2015,2,1,Implement for Results
Chile,2016,2,1,Implement for Results
Chile,2017,2,1,Implement for Results
Chile,2018,2,1,Implement for Results
Chile,2019,2,1,Implement for Results
Chile,2020,NA,0,NA
Chile,2021,NA,0,NA
China,2006,NA,0,NA
China,2007,NA,0,NA
China,2008,NA,0,NA
China,2009,NA,0,NA
China,2010,NA,0,NA
China,2011,NA,0,NA
China,2012,NA,0,NA
China,2013,NA,0,NA
China,2014,NA,0,NA
China,2015,NA,0,NA
China,2016,NA,0,NA
China,2017,NA,0,NA
China,2018,NA,0,NA
China,2019,NA,0,NA
China,2020,NA,0,NA
China,2021,NA,0,NA
Colombia,2006,NA,0,NA
Colombia,2007,NA,0,NA
Colombia,2008,NA,0,NA
Colombia,2009,NA,0,NA
Colombia,2010,NA,0,NA
Colombia,2011,2,1,Implement for Results
Colombia,2012,2,1,Implement for Results
Colombia,2013,2,1,Implement for Results
Colombia,2014,2,1,Implement for Results
Colombia,2015,2,1,Implement for Results
Colombia,2016,2,1,Implement for Results
Colombia,2017,2,1,Implement for Results
Colombia,2018,2,1,Implement for Results
Colombia,2019,2,1,Implement for Results
Colombia,2020,NA,0,NA
Colombia,2021,NA,0,NA
Comoros,2006,NA,0,NA
Comoros,2007,NA,0,NA
Comoros,2008,NA,0,NA
Comoros,2009,NA,0,NA
Comoros,2010,NA,0,NA
Comoros,2011,NA,0,NA
Comoros,2012,NA,0,NA
Comoros,2013,NA,0,NA
Comoros,2014,NA,0,NA
Comoros,2015,NA,0,NA
Comoros,2016,NA,0,NA
Comoros,2017,NA,0,NA
Comoros,2018,NA,0,NA
Comoros,2019,NA,0,NA
Comoros,2020,NA,0,NA
Comoros,2021,NA,0,NA
Congo - Brazzaville,2006,NA,0,NA
Congo - Brazzaville,2007,NA,0,NA
Congo - Brazzaville,2008,NA,0,NA
Congo - Brazzaville,2009,NA,0,NA
Congo - Brazzaville,2010,NA,0,NA
Congo - Brazzaville,2011,NA,0,NA
Congo - Brazzaville,2012,NA,0,NA
Congo - Brazzaville,2013,NA,0,NA
Congo - Brazzaville,2014,NA,0,NA
Congo - Brazzaville,2015,NA,0,NA
Congo - Brazzaville,2016,NA,0,NA
Congo - Brazzaville,2017,NA,0,NA
Congo - Brazzaville,2018,NA,0,NA
Congo - Brazzaville,2019,NA,0,NA
Congo - Brazzaville,2020,NA,0,NA
Congo - Brazzaville,2021,NA,0,NA
Congo - Kinshasa,2006,NA,0,NA
Congo - Kinshasa,2007,NA,0,NA
Congo - Kinshasa,2008,NA,0,NA
Congo - Kinshasa,2009,NA,0,NA
Congo - Kinshasa,2010,NA,0,NA
Congo - Kinshasa,2011,NA,0,NA
Congo - Kinshasa,2012,NA,0,NA
Congo - Kinshasa,2013,NA,0,NA
Congo - Kinshasa,2014,NA,0,NA
Congo - Kinshasa,2015,NA,0,NA
Congo - Kinshasa,2016,NA,0,NA
Congo - Kinshasa,2017,NA,0,NA
Congo - Kinshasa,2018,NA,0,NA
Congo - Kinshasa,2019,NA,0,NA
Congo - Kinshasa,2020,NA,0,NA
Congo - Kinshasa,2021,NA,0,NA
Cook Islands,2006,NA,0,NA
Cook Islands,2007,NA,0,NA
Cook Islands,2008,NA,0,NA
Cook Islands,2009,NA,0,NA
Cook Islands,2010,NA,0,NA
Cook Islands,2011,NA,0,NA
Cook Islands,2012,NA,0,NA
Cook Islands,2013,NA,0,NA
Cook Islands,2014,NA,0,NA
Cook Islands,2015,NA,0,NA
Cook Islands,2016,NA,0,NA
Cook Islands,2017,NA,0,NA
Cook Islands,2018,NA,0,NA
Cook Islands,2019,NA,0,NA
Costa Rica,2006,NA,0,NA
Costa Rica,2007,NA,0,NA
Costa Rica,2008,NA,0,NA
Costa Rica,2009,NA,0,NA
Costa Rica,2010,NA,0,NA
Costa Rica,2011,2,0,Implement for Results
Costa Rica,2012,2,1,Implement for Results
Costa Rica,2013,2,1,Implement for Results
Costa Rica,2014,2,1,Implement for Results
Costa Rica,2015,2,1,Implement for Results
Costa Rica,2016,2,1,Implement for Results
Costa Rica,2017,2,1,Implement for Results
Costa Rica,2018,2,1,Implement for Results
Costa Rica,2019,2,1,Implement for Results
Costa Rica,2020,NA,0,NA
Costa Rica,2021,NA,0,NA
Côte d’Ivoire,2006,NA,0,NA
Côte d’Ivoire,2007,NA,0,NA
Côte d’Ivoire,2008,NA,0,NA
Côte d’Ivoire,2009,NA,0,NA
Côte d’Ivoire,2010,NA,0,NA
Côte d’Ivoire,2011,2,0,Implement for Results
Côte d’Ivoire,2012,2,0,Implement for Results
Côte d’Ivoire,2013,2,0,Implement for Results
Côte d’Ivoire,2014,2,0,Implement for Results
Côte d’Ivoire,2015,2,1,Implement for Results
Côte d’Ivoire,2016,2,1,Implement for Results
Côte d’Ivoire,2017,2,1,Implement for Results
Côte d’Ivoire,2018,2,1,Implement for Results
Côte d’Ivoire,2019,2,1,Implement for Results
Côte d’Ivoire,2020,NA,0,NA
Côte d’Ivoire,2021,NA,0,NA
Croatia,2006,NA,0,NA
Croatia,2007,NA,0,NA
Croatia,2008,NA,0,NA
Croatia,2009,NA,0,NA
Croatia,2010,NA,0,NA
Croatia,2011,2,1,Implement for Results
Croatia,2012,2,1,Implement for Results
Croatia,2013,2,1,Implement for Results
Croatia,2014,2,1,Implement for Results
Croatia,2015,2,1,Implement for Results
Croatia,2016,2,1,Implement for Results
Croatia,2017,2,1,Implement for Results
Croatia,2018,2,1,Implement for Results
Croatia,2019,2,1,Implement for Results
Croatia,2020,NA,0,NA
Croatia,2021,NA,0,NA
Cuba,2006,NA,0,NA
Cuba,2007,NA,0,NA
Cuba,2008,NA,0,NA
Cuba,2009,NA,0,NA
Cuba,2010,NA,0,NA
Cuba,2011,NA,0,NA
Cuba,2012,NA,0,NA
Cuba,2013,NA,0,NA
Cuba,2014,NA,0,NA
Cuba,2015,NA,0,NA
Cuba,2016,NA,0,NA
Cuba,2017,NA,0,NA
Cuba,2018,NA,0,NA
Cuba,2019,NA,0,NA
Cuba,2020,NA,0,NA
Cuba,2021,NA,0,NA
Curaçao,2010,NA,0,NA
Curaçao,2011,NA,0,NA
Curaçao,2012,NA,0,NA
Curaçao,2013,NA,0,NA
Curaçao,2014,NA,0,NA
Curaçao,2015,NA,0,NA
Curaçao,2016,NA,0,NA
Curaçao,2017,NA,0,NA
Curaçao,2018,NA,0,NA
Curaçao,2019,NA,0,NA
Cyprus,2006,NA,0,NA
Cyprus,2007,NA,0,NA
Cyprus,2008,NA,0,NA
Cyprus,2009,NA,0,NA
Cyprus,2010,NA,0,NA
Cyprus,2011,NA,0,NA
Cyprus,2012,NA,0,NA
Cyprus,2013,NA,0,NA
Cyprus,2014,NA,0,NA
Cyprus,2015,NA,0,NA
Cyprus,2016,NA,0,NA
Cyprus,2017,NA,0,NA
Cyprus,2018,NA,0,NA
Cyprus,2019,NA,0,NA
Cyprus,2020,NA,0,NA
Cyprus,2021,NA,0,NA
Czechia,2006,NA,0,NA
Czechia,2007,NA,0,NA
Czechia,2008,NA,0,NA
Czechia,2009,NA,0,NA
Czechia,2010,NA,0,NA
Czechia,2011,1,1,Consider Action
Czechia,2012,1,1,Consider Action
Czechia,2013,1,1,Consider Action
Czechia,2014,1,1,Consider Action
Czechia,2015,1,1,Consider Action
Czechia,2016,1,1,Consider Action
Czechia,2017,1,1,Consider Action
Czechia,2018,1,1,Consider Action
Czechia,2019,1,1,Consider Action
Czechia,2020,NA,0,NA
Czechia,2021,NA,0,NA
Denmark,2006,NA,0,NA
Denmark,2007,NA,0,NA
Denmark,2008,NA,0,NA
Denmark,2009,NA,0,NA
Denmark,2010,NA,0,NA
Denmark,2011,2,1,Implement for Results
Denmark,2012,2,1,Implement for Results
Denmark,2013,2,1,Implement for Results
Denmark,2014,2,1,Implement for Results
Denmark,2015,2,1,Implement for Results
Denmark,2016,2,1,Implement for Results
Denmark,2017,2,1,Implement for Results
Denmark,2018,2,1,Implement for Results
Denmark,2019,2,1,Implement for Results
Denmark,2020,NA,0,NA
Denmark,2021,NA,0,NA
Djibouti,2006,NA,0,NA
Djibouti,2007,NA,0,NA
Djibouti,2008,NA,0,NA
Djibouti,2009,NA,0,NA
Djibouti,2010,NA,0,NA
Djibouti,2011,NA,0,NA
Djibouti,2012,NA,0,NA
Djibouti,2013,NA,0,NA
Djibouti,2014,NA,0,NA
Djibouti,2015,NA,0,NA
Djibouti,2016,NA,0,NA
Djibouti,2017,NA,0,NA
Djibouti,2018,NA,0,NA
Djibouti,2019,NA,0,NA
Djibouti,2020,NA,0,NA
Djibouti,2021,NA,0,NA
Dominica,2006,NA,0,NA
Dominica,2007,NA,0,NA
Dominica,2008,NA,0,NA
Dominica,2009,NA,0,NA
Dominica,2010,NA,0,NA
Dominica,2011,NA,0,NA
Dominica,2012,NA,0,NA
Dominica,2013,NA,0,NA
Dominica,2014,NA,0,NA
Dominica,2015,NA,0,NA
Dominica,2016,NA,0,NA
Dominica,2017,NA,0,NA
Dominica,2018,NA,0,NA
Dominica,2019,NA,0,NA
Dominica,2020,NA,0,NA
Dominica,2021,NA,0,NA
Dominican Republic,2006,NA,0,NA
Dominican Republic,2007,NA,0,NA
Dominican Republic,2008,NA,0,NA
Dominican Republic,2009,NA,0,NA
Dominican Republic,2010,NA,0,NA
Dominican Republic,2011,2,1,Implement for Results
Dominican Republic,2012,2,1,Implement for Results
Dominican Republic,2013,2,1,Implement for Results
Dominican Republic,2014,2,1,Implement for Results
Dominican Republic,2015,2,1,Implement for Results
Dominican Republic,2016,2,1,Implement for Results
Dominican Republic,2017,2,1,Implement for Results
Dominican Republic,2018,2,1,Implement for Results
Dominican Republic,2019,2,1,Implement for Results
Dominican Republic,2020,NA,0,NA
Dominican Republic,2021,NA,0,NA
Ecuador,2006,NA,0,NA
Ecuador,2007,NA,0,NA
Ecuador,2008,NA,0,NA
Ecuador,2009,NA,0,NA
Ecuador,2010,NA,0,NA
Ecuador,2011,1,0,Consider Action
Ecuador,2012,1,0,Consider Action
Ecuador,2013,1,0,Consider Action
Ecuador,2014,1,0,Consider Action
Ecuador,2015,1,0,Consider Action
Ecuador,2016,1,0,Consider Action
Ecuador,2017,1,0,Consider Action
Ecuador,2018,1,1,Consider Action
Ecuador,2019,1,1,Consider Action
Ecuador,2020,NA,0,NA
Ecuador,2021,NA,0,NA
Egypt,2006,NA,0,NA
Egypt,2007,NA,0,NA
Egypt,2008,NA,0,NA
Egypt,2009,NA,0,NA
Egypt,2010,NA,0,NA
Egypt,2011,NA,0,NA
Egypt,2012,NA,0,NA
Egypt,2013,NA,0,NA
Egypt,2014,NA,0,NA
Egypt,2015,NA,0,NA
Egypt,2016,NA,0,NA
Egypt,2017,NA,0,NA
Egypt,2018,NA,0,NA
Egypt,2019,NA,0,NA
Egypt,2020,NA,0,NA
Egypt,2021,NA,0,NA
El Salvador,2006,NA,0,NA
El Salvador,2007,NA,0,NA
El Salvador,2008,NA,0,NA
El Salvador,2009,NA,0,NA
El Salvador,2010,NA,0,NA
El Salvador,2011,2,1,Implement for Results
El Salvador,2012,2,1,Implement for Results
El Salvador,2013,2,1,Implement for Results
El Salvador,2014,2,1,Implement for Results
El Salvador,2015,2,1,Implement for Results
El Salvador,2016,2,1,Implement for Results
El Salvador,2017,2,1,Implement for Results
El Salvador,2018,2,1,Implement for Results
El Salvador,2019,2,1,Implement for Results
El Salvador,2020,NA,0,NA
El Salvador,2021,NA,0,NA
Equatorial Guinea,2006,NA,0,NA
Equatorial Guinea,2007,NA,0,NA
Equatorial Guinea,2008,NA,0,NA
Equatorial Guinea,2009,NA,0,NA
Equatorial Guinea,2010,NA,0,NA
Equatorial Guinea,2011,NA,0,NA
Equatorial Guinea,2012,NA,0,NA
Equatorial Guinea,2013,NA,0,NA
Equatorial Guinea,2014,NA,0,NA
Equatorial Guinea,2015,NA,0,NA
Equatorial Guinea,2016,NA,0,NA
Equatorial Guinea,2017,NA,0,NA
Equatorial Guinea,2018,NA,0,NA
Equatorial Guinea,2019,NA,0,NA
Equatorial Guinea,2020,NA,0,NA
Equatorial Guinea,2021,NA,0,NA
Eritrea,2006,NA,0,NA
Eritrea,2007,NA,0,NA
Eritrea,2008,NA,0,NA
Eritrea,2009,NA,0,NA
Eritrea,2010,NA,0,NA
Eritrea,2011,NA,0,NA
Eritrea,2012,NA,0,NA
Eritrea,2013,NA,0,NA
Eritrea,2014,NA,0,NA
Eritrea,2015,NA,0,NA
Eritrea,2016,NA,0,NA
Eritrea,2017,NA,0,NA
Eritrea,2018,NA,0,NA
Eritrea,2019,NA,0,NA
Eritrea,2020,NA,0,NA
Eritrea,2021,NA,0,NA
Estonia,2006,NA,0,NA
Estonia,2007,NA,0,NA
Estonia,2008,NA,0,NA
Estonia,2009,NA,0,NA
Estonia,2010,NA,0,NA
Estonia,2011,2,1,Implement for Results
Estonia,2012,2,1,Implement for Results
Estonia,2013,2,1,Implement for Results
Estonia,2014,2,1,Implement for Results
Estonia,2015,2,1,Implement for Results
Estonia,2016,2,1,Implement for Results
Estonia,2017,2,1,Implement for Results
Estonia,2018,2,1,Implement for Results
Estonia,2019,2,1,Implement for Results
Estonia,2020,NA,0,NA
Estonia,2021,NA,0,NA
Eswatini,2006,NA,0,NA
Eswatini,2007,NA,0,NA
Eswatini,2008,NA,0,NA
Eswatini,2009,NA,0,NA
Eswatini,2010,NA,0,NA
Eswatini,2011,NA,0,NA
Eswatini,2012,NA,0,NA
Eswatini,2013,NA,0,NA
Eswatini,2014,NA,0,NA
Eswatini,2015,NA,0,NA
Eswatini,2016,NA,0,NA
Eswatini,2017,NA,0,NA
Eswatini,2018,NA,0,NA
Eswatini,2019,NA,0,NA
Eswatini,2020,NA,0,NA
Eswatini,2021,NA,0,NA
Ethiopia,2006,NA,0,NA
Ethiopia,2007,NA,0,NA
Ethiopia,2008,NA,0,NA
Ethiopia,2009,NA,0,NA
Ethiopia,2010,NA,0,NA
Ethiopia,2011,NA,0,NA
Ethiopia,2012,NA,0,NA
Ethiopia,2013,NA,0,NA
Ethiopia,2014,NA,0,NA
Ethiopia,2015,NA,0,NA
Ethiopia,2016,NA,0,NA
Ethiopia,2017,NA,0,NA
Ethiopia,2018,NA,0,NA
Ethiopia,2019,NA,0,NA
Ethiopia,2020,NA,0,NA
Ethiopia,2021,NA,0,NA
Faroe Islands,2010,NA,0,NA
Faroe Islands,2011,NA,0,NA
Faroe Islands,2012,NA,0,NA
Faroe Islands,2013,NA,0,NA
Faroe Islands,2014,NA,0,NA
Faroe Islands,2015,NA,0,NA
Faroe Islands,2016,NA,0,NA
Faroe Islands,2017,NA,0,NA
Faroe Islands,2018,NA,0,NA
Faroe Islands,2019,NA,0,NA
Faroe Islands,2021,NA,0,NA
Fiji,2006,NA,0,NA
Fiji,2007,NA,0,NA
Fiji,2008,NA,0,NA
Fiji,2009,NA,0,NA
Fiji,2010,NA,0,NA
Fiji,2011,NA,0,NA
Fiji,2012,NA,0,NA
Fiji,2013,NA,0,NA
Fiji,2014,NA,0,NA
Fiji,2015,NA,0,NA
Fiji,2016,NA,0,NA
Fiji,2017,NA,0,NA
Fiji,2018,NA,0,NA
Fiji,2019,NA,0,NA
Fiji,2020,NA,0,NA
Fiji,2021,NA,0,NA
Finland,2006,NA,0,NA
Finland,2007,NA,0,NA
Finland,2008,NA,0,NA
Finland,2009,NA,0,NA
Finland,2010,NA,0,NA
Finland,2011,2,0,Implement for Results
Finland,2012,2,1,Implement for Results
Finland,2013,2,1,Implement for Results
Finland,2014,2,1,Implement for Results
Finland,2015,2,1,Implement for Results
Finland,2016,2,1,Implement for Results
Finland,2017,2,1,Implement for Results
Finland,2018,2,1,Implement for Results
Finland,2019,2,1,Implement for Results
Finland,2020,NA,0,NA
Finland,2021,NA,0,NA
France,2006,NA,0,NA
France,2007,NA,0,NA
France,2008,NA,0,NA
France,2009,NA,0,NA
France,2010,NA,0,NA
France,2011,3,0,Share Innovation
France,2012,3,0,Share Innovation
France,2013,3,0,Share Innovation
France,2014,3,1,Share Innovation
France,2015,3,1,Share Innovation
France,2016,3,1,Share Innovation
France,2017,3,1,Share Innovation
France,2018,3,1,Share Innovation
France,2019,3,1,Share Innovation
France,2020,NA,0,NA
France,2021,NA,0,NA
French Guiana,2006,NA,0,NA
French Guiana,2007,NA,0,NA
French Guiana,2008,NA,0,NA
French Guiana,2009,NA,0,NA
French Guiana,2010,NA,0,NA
French Guiana,2011,NA,0,NA
French Guiana,2012,NA,0,NA
French Guiana,2013,NA,0,NA
French Guiana,2014,NA,0,NA
French Guiana,2015,NA,0,NA
French Guiana,2016,NA,0,NA
French Guiana,2017,NA,0,NA
French Guiana,2018,NA,0,NA
French Guiana,2019,NA,0,NA
French Polynesia,2010,NA,0,NA
French Polynesia,2011,NA,0,NA
French Polynesia,2012,NA,0,NA
French Polynesia,2013,NA,0,NA
French Polynesia,2014,NA,0,NA
French Polynesia,2015,NA,0,NA
French Polynesia,2016,NA,0,NA
French Polynesia,2017,NA,0,NA
French Polynesia,2018,NA,0,NA
French Polynesia,2019,NA,0,NA
Gabon,2006,NA,0,NA
Gabon,2007,NA,0,NA
Gabon,2008,NA,0,NA
Gabon,2009,NA,0,NA
Gabon,2010,NA,0,NA
Gabon,2011,NA,0,NA
Gabon,2012,NA,0,NA
Gabon,2013,NA,0,NA
Gabon,2014,NA,0,NA
Gabon,2015,NA,0,NA
Gabon,2016,NA,0,NA
Gabon,2017,NA,0,NA
Gabon,2018,NA,0,NA
Gabon,2019,NA,0,NA
Gabon,2020,NA,0,NA
Gabon,2021,NA,0,NA
Gambia,2006,NA,0,NA
Gambia,2007,NA,0,NA
Gambia,2008,NA,0,NA
Gambia,2009,NA,0,NA
Gambia,2010,NA,0,NA
Gambia,2011,NA,0,NA
Gambia,2012,NA,0,NA
Gambia,2013,NA,0,NA
Gambia,2014,NA,0,NA
Gambia,2015,NA,0,NA
Gambia,2016,NA,0,NA
Gambia,2017,NA,0,NA
Gambia,2018,NA,0,NA
Gambia,2019,NA,0,NA
Gambia,2020,NA,0,NA
Gambia,2021,NA,0,NA
Georgia,2006,NA,0,NA
Georgia,2007,NA,0,NA
Georgia,2008,NA,0,NA
Georgia,2009,NA,0,NA
Georgia,2010,NA,0,NA
Georgia,2011,3,1,Share Innovation
Georgia,2012,3,1,Share Innovation
Georgia,2013,3,1,Share Innovation
Georgia,2014,3,1,Share Innovation
Georgia,2015,3,1,Share Innovation
Georgia,2016,3,1,Share Innovation
Georgia,2017,3,1,Share Innovation
Georgia,2018,3,1,Share Innovation
Georgia,2019,3,1,Share Innovation
Georgia,2020,NA,0,NA
Georgia,2021,NA,0,NA
Germany,2006,NA,0,NA
Germany,2007,NA,0,NA
Germany,2008,NA,0,NA
Germany,2009,NA,0,NA
Germany,2010,NA,0,NA
Germany,2011,2,0,Implement for Results
Germany,2012,2,0,Implement for Results
Germany,2013,2,0,Implement for Results
Germany,2014,2,0,Implement for Results
Germany,2015,2,0,Implement for Results
Germany,2016,2,1,Implement for Results
Germany,2017,2,1,Implement for Results
Germany,2018,2,1,Implement for Results
Germany,2019,2,1,Implement for Results
Germany,2020,NA,0,NA
Germany,2021,NA,0,NA
Ghana,2006,NA,0,NA
Ghana,2007,NA,0,NA
Ghana,2008,NA,0,NA
Ghana,2009,NA,0,NA
Ghana,2010,NA,0,NA
Ghana,2011,2,1,Implement for Results
Ghana,2012,2,1,Implement for Results
Ghana,2013,2,1,Implement for Results
Ghana,2014,2,1,Implement for Results
Ghana,2015,2,1,Implement for Results
Ghana,2016,2,1,Implement for Results
Ghana,2017,2,1,Implement for Results
Ghana,2018,2,1,Implement for Results
Ghana,2019,2,1,Implement for Results
Ghana,2020,NA,0,NA
Ghana,2021,NA,0,NA
Gibraltar,2010,NA,0,NA
Gibraltar,2011,NA,0,NA
Gibraltar,2012,NA,0,NA
Gibraltar,2013,NA,0,NA
Gibraltar,2014,NA,0,NA
Gibraltar,2015,NA,0,NA
Gibraltar,2016,NA,0,NA
Gibraltar,2017,NA,0,NA
Gibraltar,2018,NA,0,NA
Gibraltar,2019,NA,0,NA
Gibraltar,2021,NA,0,NA
Greece,2006,NA,0,NA
Greece,2007,NA,0,NA
Greece,2008,NA,0,NA
Greece,2009,NA,0,NA
Greece,2010,NA,0,NA
Greece,2011,2,1,Implement for Results
Greece,2012,2,1,Implement for Results
Greece,2013,2,1,Implement for Results
Greece,2014,2,1,Implement for Results
Greece,2015,2,1,Implement for Results
Greece,2016,2,1,Implement for Results
Greece,2017,2,1,Implement for Results
Greece,2018,2,1,Implement for Results
Greece,2019,2,1,Implement for Results
Greece,2020,NA,0,NA
Greece,2021,NA,0,NA
Greenland,2006,NA,0,NA
Greenland,2007,NA,0,NA
Greenland,2008,NA,0,NA
Greenland,2009,NA,0,NA
Greenland,2010,NA,0,NA
Greenland,2011,NA,0,NA
Greenland,2012,NA,0,NA
Greenland,2013,NA,0,NA
Greenland,2014,NA,0,NA
Greenland,2015,NA,0,NA
Greenland,2016,NA,0,NA
Greenland,2017,NA,0,NA
Greenland,2018,NA,0,NA
Greenland,2019,NA,0,NA
Greenland,2021,NA,0,NA
Grenada,2006,NA,0,NA
Grenada,2007,NA,0,NA
Grenada,2008,NA,0,NA
Grenada,2009,NA,0,NA
Grenada,2010,NA,0,NA
Grenada,2011,NA,0,NA
Grenada,2012,NA,0,NA
Grenada,2013,NA,0,NA
Grenada,2014,NA,0,NA
Grenada,2015,NA,0,NA
Grenada,2016,NA,0,NA
Grenada,2017,NA,0,NA
Grenada,2018,NA,0,NA
Grenada,2019,NA,0,NA
Grenada,2020,NA,0,NA
Grenada,2021,NA,0,NA
Guam,2006,NA,0,NA
Guam,2007,NA,0,NA
Guam,2008,NA,0,NA
Guam,2009,NA,0,NA
Guam,2010,NA,0,NA
Guam,2011,NA,0,NA
Guam,2012,NA,0,NA
Guam,2013,NA,0,NA
Guam,2014,NA,0,NA
Guam,2015,NA,0,NA
Guam,2016,NA,0,NA
Guam,2017,NA,0,NA
Guam,2018,NA,0,NA
Guam,2019,NA,0,NA
Guatemala,2006,NA,0,NA
Guatemala,2007,NA,0,NA
Guatemala,2008,NA,0,NA
Guatemala,2009,NA,0,NA
Guatemala,2010,NA,0,NA
Guatemala,2011,2,1,Implement for Results
Guatemala,2012,2,1,Implement for Results
Guatemala,2013,2,1,Implement for Results
Guatemala,2014,2,1,Implement for Results
Guatemala,2015,2,1,Implement for Results
Guatemala,2016,2,1,Implement for Results
Guatemala,2017,2,1,Implement for Results
Guatemala,2018,2,1,Implement for Results
Guatemala,2019,2,1,Implement for Results
Guatemala,2020,NA,0,NA
Guatemala,2021,NA,0,NA
Guernsey,2021,NA,0,NA
Guinea,2006,NA,0,NA
Guinea,2007,NA,0,NA
Guinea,2008,NA,0,NA
Guinea,2009,NA,0,NA
Guinea,2010,NA,0,NA
Guinea,2011,NA,0,NA
Guinea,2012,NA,0,NA
Guinea,2013,NA,0,NA
Guinea,2014,NA,0,NA
Guinea,2015,NA,0,NA
Guinea,2016,NA,0,NA
Guinea,2017,NA,0,NA
Guinea,2018,NA,0,NA
Guinea,2019,NA,0,NA
Guinea,2020,NA,0,NA
Guinea,2021,NA,0,NA
Guinea-Bissau,2006,NA,0,NA
Guinea-Bissau,2007,NA,0,NA
Guinea-Bissau,2008,NA,0,NA
Guinea-Bissau,2009,NA,0,NA
Guinea-Bissau,2010,NA,0,NA
Guinea-Bissau,2011,NA,0,NA
Guinea-Bissau,2012,NA,0,NA
Guinea-Bissau,2013,NA,0,NA
Guinea-Bissau,2014,NA,0,NA
Guinea-Bissau,2015,NA,0,NA
Guinea-Bissau,2016,NA,0,NA
Guinea-Bissau,2017,NA,0,NA
Guinea-Bissau,2018,NA,0,NA
Guinea-Bissau,2019,NA,0,NA
Guinea-Bissau,2020,NA,0,NA
Guinea-Bissau,2021,NA,0,NA
Guyana,2006,NA,0,NA
Guyana,2007,NA,0,NA
Guyana,2008,NA,0,NA
Guyana,2009,NA,0,NA
Guyana,2010,NA,0,NA
Guyana,2011,NA,0,NA
Guyana,2012,NA,0,NA
Guyana,2013,NA,0,NA
Guyana,2014,NA,0,NA
Guyana,2015,NA,0,NA
Guyana,2016,NA,0,NA
Guyana,2017,NA,0,NA
Guyana,2018,NA,0,NA
Guyana,2019,NA,0,NA
Guyana,2020,NA,0,NA
Guyana,2021,NA,0,NA
Haiti,2006,NA,0,NA
Haiti,2007,NA,0,NA
Haiti,2008,NA,0,NA
Haiti,2009,NA,0,NA
Haiti,2010,NA,0,NA
Haiti,2011,NA,0,NA
Haiti,2012,NA,0,NA
Haiti,2013,NA,0,NA
Haiti,2014,NA,0,NA
Haiti,2015,NA,0,NA
Haiti,2016,NA,0,NA
Haiti,2017,NA,0,NA
Haiti,2018,NA,0,NA
Haiti,2019,NA,0,NA
Haiti,2020,NA,0,NA
Haiti,2021,NA,0,NA
Honduras,2006,NA,0,NA
Honduras,2007,NA,0,NA
Honduras,2008,NA,0,NA
Honduras,2009,NA,0,NA
Honduras,2010,NA,0,NA
Honduras,2011,2,1,Implement for Results
Honduras,2012,2,1,Implement for Results
Honduras,2013,2,1,Implement for Results
Honduras,2014,2,1,Implement for Results
Honduras,2015,2,1,Implement for Results
Honduras,2016,2,1,Implement for Results
Honduras,2017,2,1,Implement for Results
Honduras,2018,2,1,Implement for Results
Honduras,2019,2,1,Implement for Results
Honduras,2020,NA,0,NA
Honduras,2021,NA,0,NA
Hong Kong SAR China,2006,NA,0,NA
Hong Kong SAR China,2007,NA,0,NA
Hong Kong SAR China,2008,NA,0,NA
Hong Kong SAR China,2009,NA,0,NA
Hong Kong SAR China,2010,NA,0,NA
Hong Kong SAR China,2011,NA,0,NA
Hong Kong SAR China,2012,NA,0,NA
Hong Kong SAR China,2013,NA,0,NA
Hong Kong SAR China,2014,NA,0,NA
Hong Kong SAR China,2015,NA,0,NA
Hong Kong SAR China,2016,NA,0,NA
Hong Kong SAR China,2017,NA,0,NA
Hong Kong SAR China,2018,NA,0,NA
Hong Kong SAR China,2019,NA,0,NA
Hong Kong SAR China,2020,NA,0,NA
Hong Kong SAR China,2021,NA,0,NA
Hungary,2006,NA,0,NA
Hungary,2007,NA,0,NA
Hungary,2008,NA,0,NA
Hungary,2009,NA,0,NA
Hungary,2010,NA,0,NA
Hungary,2011,NA,0,NA
Hungary,2012,NA,0,NA
Hungary,2013,NA,0,NA
Hungary,2014,NA,0,NA
Hungary,2015,NA,0,NA
Hungary,2016,NA,0,NA
Hungary,2017,NA,0,NA
Hungary,2018,NA,0,NA
Hungary,2019,NA,0,NA
Hungary,2020,NA,0,NA
Hungary,2021,NA,0,NA
Iceland,2006,NA,0,NA
Iceland,2007,NA,0,NA
Iceland,2008,NA,0,NA
Iceland,2009,NA,0,NA
Iceland,2010,NA,0,NA
Iceland,2011,NA,0,NA
Iceland,2012,NA,0,NA
Iceland,2013,NA,0,NA
Iceland,2014,NA,0,NA
Iceland,2015,NA,0,NA
Iceland,2016,NA,0,NA
Iceland,2017,NA,0,NA
Iceland,2018,NA,0,NA
Iceland,2019,NA,0,NA
Iceland,2020,NA,0,NA
Iceland,2021,NA,0,NA
India,2006,NA,0,NA
India,2007,NA,0,NA
India,2008,NA,0,NA
India,2009,NA,0,NA
India,2010,NA,0,NA
India,2011,NA,0,NA
India,2012,NA,0,NA
India,2013,NA,0,NA
India,2014,NA,0,NA
India,2015,NA,0,NA
India,2016,NA,0,NA
India,2017,NA,0,NA
India,2018,NA,0,NA
India,2019,NA,0,NA
India,2020,NA,0,NA
India,2021,NA,0,NA
Indonesia,2006,NA,0,NA
Indonesia,2007,NA,0,NA
Indonesia,2008,NA,0,NA
Indonesia,2009,NA,0,NA
Indonesia,2010,NA,0,NA
Indonesia,2011,2,1,Implement for Results
Indonesia,2012,2,1,Implement for Results
Indonesia,2013,2,1,Implement for Results
Indonesia,2014,2,1,Implement for Results
Indonesia,2015,2,1,Implement for Results
Indonesia,2016,2,1,Implement for Results
Indonesia,2017,2,1,Implement for Results
Indonesia,2018,2,1,Implement for Results
Indonesia,2019,2,1,Implement for Results
Indonesia,2020,NA,0,NA
Indonesia,2021,NA,0,NA
Iran,2006,NA,0,NA
Iran,2007,NA,0,NA
Iran,2008,NA,0,NA
Iran,2009,NA,0,NA
Iran,2010,NA,0,NA
Iran,2011,NA,0,NA
Iran,2012,NA,0,NA
Iran,2013,NA,0,NA
Iran,2014,NA,0,NA
Iran,2015,NA,0,NA
Iran,2016,NA,0,NA
Iran,2017,NA,0,NA
Iran,2018,NA,0,NA
Iran,2019,NA,0,NA
Iran,2020,NA,0,NA
Iran,2021,NA,0,NA
Iraq,2006,NA,0,NA
Iraq,2007,NA,0,NA
Iraq,2008,NA,0,NA
Iraq,2009,NA,0,NA
Iraq,2010,NA,0,NA
Iraq,2011,NA,0,NA
Iraq,2012,NA,0,NA
Iraq,2013,NA,0,NA
Iraq,2014,NA,0,NA
Iraq,2015,NA,0,NA
Iraq,2016,NA,0,NA
Iraq,2017,NA,0,NA
Iraq,2018,NA,0,NA
Iraq,2019,NA,0,NA
Iraq,2020,NA,0,NA
Iraq,2021,NA,0,NA
Ireland,2006,NA,0,NA
Ireland,2007,NA,0,NA
Ireland,2008,NA,0,NA
Ireland,2009,NA,0,NA
Ireland,2010,NA,0,NA
Ireland,2011,NA,0,NA
Ireland,2012,NA,0,NA
Ireland,2013,NA,1,NA
Ireland,2014,NA,1,NA
Ireland,2015,NA,1,NA
Ireland,2016,NA,1,NA
Ireland,2017,NA,1,NA
Ireland,2018,NA,1,NA
Ireland,2019,NA,1,NA
Ireland,2020,NA,0,NA
Ireland,2021,NA,0,NA
Isle of Man,2010,NA,0,NA
Isle of Man,2011,NA,0,NA
Isle of Man,2012,NA,0,NA
Isle of Man,2013,NA,0,NA
Isle of Man,2014,NA,0,NA
Isle of Man,2015,NA,0,NA
Isle of Man,2016,NA,0,NA
Isle of Man,2017,NA,0,NA
Isle of Man,2018,NA,0,NA
Isle of Man,2019,NA,0,NA
Isle of Man,2021,NA,0,NA
Israel,2006,NA,0,NA
Israel,2007,NA,0,NA
Israel,2008,NA,0,NA
Israel,2009,NA,0,NA
Israel,2010,NA,0,NA
Israel,2011,2,1,Implement for Results
Israel,2012,2,1,Implement for Results
Israel,2013,2,1,Implement for Results
Israel,2014,2,1,Implement for Results
Israel,2015,2,1,Implement for Results
Israel,2016,2,1,Implement for Results
Israel,2017,2,1,Implement for Results
Israel,2018,2,1,Implement for Results
Israel,2019,2,1,Implement for Results
Israel,2020,NA,0,NA
Israel,2021,NA,0,NA
Italy,2006,NA,0,NA
Italy,2007,NA,0,NA
Italy,2008,NA,0,NA
Italy,2009,NA,0,NA
Italy,2010,NA,0,NA
Italy,2011,2,1,Implement for Results
Italy,2012,2,1,Implement for Results
Italy,2013,2,1,Implement for Results
Italy,2014,2,1,Implement for Results
Italy,2015,2,1,Implement for Results
Italy,2016,2,1,Implement for Results
Italy,2017,2,1,Implement for Results
Italy,2018,2,1,Implement for Results
Italy,2019,2,1,Implement for Results
Italy,2020,NA,0,NA
Italy,2021,NA,0,NA
Jamaica,2006,NA,0,NA
Jamaica,2007,NA,0,NA
Jamaica,2008,NA,0,NA
Jamaica,2009,NA,0,NA
Jamaica,2010,NA,0,NA
Jamaica,2011,NA,0,NA
Jamaica,2012,NA,0,NA
Jamaica,2013,NA,0,NA
Jamaica,2014,NA,0,NA
Jamaica,2015,NA,0,NA
Jamaica,2016,NA,1,NA
Jamaica,2017,NA,1,NA
Jamaica,2018,NA,1,NA
Jamaica,2019,NA,1,NA
Jamaica,2020,NA,0,NA
Jamaica,2021,NA,0,NA
Japan,2006,NA,0,NA
Japan,2007,NA,0,NA
Japan,2008,NA,0,NA
Japan,2009,NA,0,NA
Japan,2010,NA,0,NA
Japan,2011,NA,0,NA
Japan,2012,NA,0,NA
Japan,2013,NA,0,NA
Japan,2014,NA,0,NA
Japan,2015,NA,0,NA
Japan,2016,NA,0,NA
Japan,2017,NA,0,NA
Japan,2018,NA,0,NA
Japan,2019,NA,0,NA
Japan,2020,NA,0,NA
Japan,2021,NA,0,NA
Jersey,2006,NA,0,NA
Jersey,2007,NA,0,NA
Jersey,2008,NA,0,NA
Jersey,2009,NA,0,NA
Jersey,2010,NA,0,NA
Jersey,2011,NA,0,NA
Jersey,2012,NA,0,NA
Jersey,2013,NA,0,NA
Jersey,2014,NA,0,NA
Jersey,2015,NA,0,NA
Jersey,2016,NA,0,NA
Jersey,2017,NA,0,NA
Jersey,2018,NA,0,NA
Jersey,2019,NA,0,NA
Jersey,2021,NA,0,NA
Jordan,2006,NA,0,NA
Jordan,2007,NA,0,NA
Jordan,2008,NA,0,NA
Jordan,2009,NA,0,NA
Jordan,2010,NA,0,NA
Jordan,2011,2,1,Implement for Results
Jordan,2012,2,1,Implement for Results
Jordan,2013,2,1,Implement for Results
Jordan,2014,2,1,Implement for Results
Jordan,2015,2,1,Implement for Results
Jordan,2016,2,1,Implement for Results
Jordan,2017,2,1,Implement for Results
Jordan,2018,2,1,Implement for Results
Jordan,2019,2,1,Implement for Results
Jordan,2020,NA,0,NA
Jordan,2021,NA,0,NA
Kazakhstan,2006,NA,0,NA
Kazakhstan,2007,NA,0,NA
Kazakhstan,2008,NA,0,NA
Kazakhstan,2009,NA,0,NA
Kazakhstan,2010,NA,0,NA
Kazakhstan,2011,NA,0,NA
Kazakhstan,2012,NA,0,NA
Kazakhstan,2013,NA,0,NA
Kazakhstan,2014,NA,0,NA
Kazakhstan,2015,NA,0,NA
Kazakhstan,2016,NA,0,NA
Kazakhstan,2017,NA,0,NA
Kazakhstan,2018,NA,0,NA
Kazakhstan,2019,NA,0,NA
Kazakhstan,2020,NA,0,NA
Kazakhstan,2021,NA,0,NA
Kenya,2006,NA,0,NA
Kenya,2007,NA,0,NA
Kenya,2008,NA,0,NA
Kenya,2009,NA,0,NA
Kenya,2010,NA,0,NA
Kenya,2011,2,1,Implement for Results
Kenya,2012,2,1,Implement for Results
Kenya,2013,2,1,Implement for Results
Kenya,2014,2,1,Implement for Results
Kenya,2015,2,1,Implement for Results
Kenya,2016,2,1,Implement for Results
Kenya,2017,2,1,Implement for Results
Kenya,2018,2,1,Implement for Results
Kenya,2019,2,1,Implement for Results
Kenya,2020,NA,0,NA
Kenya,2021,NA,0,NA
Kiribati,2006,NA,0,NA
Kiribati,2007,NA,0,NA
Kiribati,2008,NA,0,NA
Kiribati,2009,NA,0,NA
Kiribati,2010,NA,0,NA
Kiribati,2011,NA,0,NA
Kiribati,2012,NA,0,NA
Kiribati,2013,NA,0,NA
Kiribati,2014,NA,0,NA
Kiribati,2015,NA,0,NA
Kiribati,2016,NA,0,NA
Kiribati,2017,NA,0,NA
Kiribati,2018,NA,0,NA
Kiribati,2019,NA,0,NA
Kosovo,2010,NA,0,NA
Kosovo,2011,NA,0,NA
Kosovo,2012,NA,0,NA
Kosovo,2013,NA,0,NA
Kosovo,2014,NA,0,NA
Kosovo,2015,NA,0,NA
Kosovo,2016,NA,0,NA
Kosovo,2017,NA,0,NA
Kosovo,2018,NA,0,NA
Kosovo,2019,NA,0,NA
Kuwait,2006,NA,0,NA
Kuwait,2007,NA,0,NA
Kuwait,2008,NA,0,NA
Kuwait,2009,NA,0,NA
Kuwait,2010,NA,0,NA
Kuwait,2011,NA,0,NA
Kuwait,2012,NA,0,NA
Kuwait,2013,NA,0,NA
Kuwait,2014,NA,0,NA
Kuwait,2015,NA,0,NA
Kuwait,2016,NA,0,NA
Kuwait,2017,NA,0,NA
Kuwait,2018,NA,0,NA
Kuwait,2019,NA,0,NA
Kuwait,2020,NA,0,NA
Kuwait,2021,NA,0,NA
Kyrgyzstan,2006,NA,0,NA
Kyrgyzstan,2007,NA,0,NA
Kyrgyzstan,2008,NA,0,NA
Kyrgyzstan,2009,NA,0,NA
Kyrgyzstan,2010,NA,0,NA
Kyrgyzstan,2011,NA,0,NA
Kyrgyzstan,2012,NA,0,NA
Kyrgyzstan,2013,NA,0,NA
Kyrgyzstan,2014,NA,0,NA
Kyrgyzstan,2015,NA,0,NA
Kyrgyzstan,2016,NA,0,NA
Kyrgyzstan,2017,NA,1,NA
Kyrgyzstan,2018,NA,1,NA
Kyrgyzstan,2019,NA,1,NA
Kyrgyzstan,2020,NA,0,NA
Kyrgyzstan,2021,NA,0,NA
Laos,2006,NA,0,NA
Laos,2007,NA,0,NA
Laos,2008,NA,0,NA
Laos,2009,NA,0,NA
Laos,2010,NA,0,NA
Laos,2011,NA,0,NA
Laos,2012,NA,0,NA
Laos,2013,NA,0,NA
Laos,2014,NA,0,NA
Laos,2015,NA,0,NA
Laos,2016,NA,0,NA
Laos,2017,NA,0,NA
Laos,2018,NA,0,NA
Laos,2019,NA,0,NA
Laos,2020,NA,0,NA
Laos,2021,NA,0,NA
Latvia,2006,NA,0,NA
Latvia,2007,NA,0,NA
Latvia,2008,NA,0,NA
Latvia,2009,NA,0,NA
Latvia,2010,NA,0,NA
Latvia,2011,2,1,Implement for Results
Latvia,2012,2,1,Implement for Results
Latvia,2013,2,1,Implement for Results
Latvia,2014,2,1,Implement for Results
Latvia,2015,2,1,Implement for Results
Latvia,2016,2,1,Implement for Results
Latvia,2017,2,1,Implement for Results
Latvia,2018,2,1,Implement for Results
Latvia,2019,2,1,Implement for Results
Latvia,2020,NA,0,NA
Latvia,2021,NA,0,NA
Lebanon,2006,NA,0,NA
Lebanon,2007,NA,0,NA
Lebanon,2008,NA,0,NA
Lebanon,2009,NA,0,NA
Lebanon,2010,NA,0,NA
Lebanon,2011,NA,0,NA
Lebanon,2012,NA,0,NA
Lebanon,2013,NA,0,NA
Lebanon,2014,NA,0,NA
Lebanon,2015,NA,0,NA
Lebanon,2016,NA,0,NA
Lebanon,2017,NA,0,NA
Lebanon,2018,NA,0,NA
Lebanon,2019,NA,0,NA
Lebanon,2020,NA,0,NA
Lebanon,2021,NA,0,NA
Lesotho,2006,NA,0,NA
Lesotho,2007,NA,0,NA
Lesotho,2008,NA,0,NA
Lesotho,2009,NA,0,NA
Lesotho,2010,NA,0,NA
Lesotho,2011,NA,0,NA
Lesotho,2012,NA,0,NA
Lesotho,2013,NA,0,NA
Lesotho,2014,NA,0,NA
Lesotho,2015,NA,0,NA
Lesotho,2016,NA,0,NA
Lesotho,2017,NA,0,NA
Lesotho,2018,NA,0,NA
Lesotho,2019,NA,0,NA
Lesotho,2020,NA,0,NA
Lesotho,2021,NA,0,NA
Liberia,2006,NA,0,NA
Liberia,2007,NA,0,NA
Liberia,2008,NA,0,NA
Liberia,2009,NA,0,NA
Liberia,2010,NA,0,NA
Liberia,2011,2,1,Implement for Results
Liberia,2012,2,1,Implement for Results
Liberia,2013,2,1,Implement for Results
Liberia,2014,2,1,Implement for Results
Liberia,2015,2,1,Implement for Results
Liberia,2016,2,1,Implement for Results
Liberia,2017,2,1,Implement for Results
Liberia,2018,2,1,Implement for Results
Liberia,2019,2,1,Implement for Results
Liberia,2020,NA,0,NA
Liberia,2021,NA,0,NA
Libya,2006,NA,0,NA
Libya,2007,NA,0,NA
Libya,2008,NA,0,NA
Libya,2009,NA,0,NA
Libya,2010,NA,0,NA
Libya,2011,NA,0,NA
Libya,2012,NA,0,NA
Libya,2013,NA,0,NA
Libya,2014,NA,0,NA
Libya,2015,NA,0,NA
Libya,2016,NA,0,NA
Libya,2017,NA,0,NA
Libya,2018,NA,0,NA
Libya,2019,NA,0,NA
Libya,2020,NA,0,NA
Libya,2021,NA,0,NA
Liechtenstein,2006,NA,0,NA
Liechtenstein,2007,NA,0,NA
Liechtenstein,2008,NA,0,NA
Liechtenstein,2009,NA,0,NA
Liechtenstein,2010,NA,0,NA
Liechtenstein,2011,NA,0,NA
Liechtenstein,2012,NA,0,NA
Liechtenstein,2013,NA,0,NA
Liechtenstein,2014,NA,0,NA
Liechtenstein,2015,NA,0,NA
Liechtenstein,2016,NA,0,NA
Liechtenstein,2017,NA,0,NA
Liechtenstein,2018,NA,0,NA
Liechtenstein,2019,NA,0,NA
Liechtenstein,2020,NA,0,NA
Liechtenstein,2021,NA,0,NA
Lithuania,2006,NA,0,NA
Lithuania,2007,NA,0,NA
Lithuania,2008,NA,0,NA
Lithuania,2009,NA,0,NA
Lithuania,2010,NA,0,NA
Lithuania,2011,2,1,Implement for Results
Lithuania,2012,2,1,Implement for Results
Lithuania,2013,2,1,Implement for Results
Lithuania,2014,2,1,Implement for Results
Lithuania,2015,2,1,Implement for Results
Lithuania,2016,2,1,Implement for Results
Lithuania,2017,2,1,Implement for Results
Lithuania,2018,2,1,Implement for Results
Lithuania,2019,2,1,Implement for Results
Lithuania,2020,NA,0,NA
Lithuania,2021,NA,0,NA
Luxembourg,2006,NA,0,NA
Luxembourg,2007,NA,0,NA
Luxembourg,2008,NA,0,NA
Luxembourg,2009,NA,0,NA
Luxembourg,2010,NA,0,NA
Luxembourg,2011,NA,0,NA
Luxembourg,2012,NA,0,NA
Luxembourg,2013,NA,0,NA
Luxembourg,2014,NA,0,NA
Luxembourg,2015,NA,0,NA
Luxembourg,2016,NA,1,NA
Luxembourg,2017,NA,1,NA
Luxembourg,2018,NA,1,NA
Luxembourg,2019,NA,1,NA
Luxembourg,2020,NA,0,NA
Luxembourg,2021,NA,0,NA
Macao SAR China,2006,NA,0,NA
Macao SAR China,2007,NA,0,NA
Macao SAR China,2008,NA,0,NA
Macao SAR China,2009,NA,0,NA
Macao SAR China,2010,NA,0,NA
Macao SAR China,2011,NA,0,NA
Macao SAR China,2012,NA,0,NA
Macao SAR China,2013,NA,0,NA
Macao SAR China,2014,NA,0,NA
Macao SAR China,2015,NA,0,NA
Macao SAR China,2016,NA,0,NA
Macao SAR China,2017,NA,0,NA
Macao SAR China,2018,NA,0,NA
Macao SAR China,2019,NA,0,NA
Madagascar,2006,NA,0,NA
Madagascar,2007,NA,0,NA
Madagascar,2008,NA,0,NA
Madagascar,2009,NA,0,NA
Madagascar,2010,NA,0,NA
Madagascar,2011,NA,0,NA
Madagascar,2012,NA,0,NA
Madagascar,2013,NA,0,NA
Madagascar,2014,NA,0,NA
Madagascar,2015,NA,0,NA
Madagascar,2016,NA,0,NA
Madagascar,2017,NA,0,NA
Madagascar,2018,NA,0,NA
Madagascar,2019,NA,0,NA
Madagascar,2020,NA,0,NA
Madagascar,2021,NA,0,NA
Malawi,2006,NA,0,NA
Malawi,2007,NA,0,NA
Malawi,2008,NA,0,NA
Malawi,2009,NA,0,NA
Malawi,2010,NA,0,NA
Malawi,2011,1,0,Consider Action
Malawi,2012,1,0,Consider Action
Malawi,2013,1,1,Consider Action
Malawi,2014,1,1,Consider Action
Malawi,2015,1,1,Consider Action
Malawi,2016,1,1,Consider Action
Malawi,2017,1,1,Consider Action
Malawi,2018,1,1,Consider Action
Malawi,2019,1,1,Consider Action
Malawi,2020,NA,0,NA
Malawi,2021,NA,0,NA
Malaysia,2006,NA,0,NA
Malaysia,2007,NA,0,NA
Malaysia,2008,NA,0,NA
Malaysia,2009,NA,0,NA
Malaysia,2010,NA,0,NA
Malaysia,2011,NA,0,NA
Malaysia,2012,NA,0,NA
Malaysia,2013,NA,0,NA
Malaysia,2014,NA,0,NA
Malaysia,2015,NA,0,NA
Malaysia,2016,NA,0,NA
Malaysia,2017,NA,0,NA
Malaysia,2018,NA,0,NA
Malaysia,2019,NA,0,NA
Malaysia,2020,NA,0,NA
Malaysia,2021,NA,0,NA
Maldives,2006,NA,0,NA
Maldives,2007,NA,0,NA
Maldives,2008,NA,0,NA
Maldives,2009,NA,0,NA
Maldives,2010,NA,0,NA
Maldives,2011,NA,0,NA
Maldives,2012,NA,0,NA
Maldives,2013,NA,0,NA
Maldives,2014,NA,0,NA
Maldives,2015,NA,0,NA
Maldives,2016,NA,0,NA
Maldives,2017,NA,0,NA
Maldives,2018,NA,0,NA
Maldives,2019,NA,0,NA
Maldives,2020,NA,0,NA
Maldives,2021,NA,0,NA
Mali,2006,NA,0,NA
Mali,2007,NA,0,NA
Mali,2008,NA,0,NA
Mali,2009,NA,0,NA
Mali,2010,NA,0,NA
Mali,2011,NA,0,NA
Mali,2012,NA,0,NA
Mali,2013,NA,0,NA
Mali,2014,NA,0,NA
Mali,2015,NA,0,NA
Mali,2016,NA,0,NA
Mali,2017,NA,0,NA
Mali,2018,NA,0,NA
Mali,2019,NA,0,NA
Mali,2020,NA,0,NA
Mali,2021,NA,0,NA
Malta,2006,NA,0,NA
Malta,2007,NA,0,NA
Malta,2008,NA,0,NA
Malta,2009,NA,0,NA
Malta,2010,NA,0,NA
Malta,2011,NA,1,NA
Malta,2012,NA,1,NA
Malta,2013,NA,1,NA
Malta,2014,NA,1,NA
Malta,2015,NA,1,NA
Malta,2016,NA,1,NA
Malta,2017,NA,1,NA
Malta,2018,NA,1,NA
Malta,2019,NA,1,NA
Malta,2020,NA,0,NA
Malta,2021,NA,0,NA
Marshall Islands,2006,NA,0,NA
Marshall Islands,2007,NA,0,NA
Marshall Islands,2008,NA,0,NA
Marshall Islands,2009,NA,0,NA
Marshall Islands,2010,NA,0,NA
Marshall Islands,2011,NA,0,NA
Marshall Islands,2012,NA,0,NA
Marshall Islands,2013,NA,0,NA
Marshall Islands,2014,NA,0,NA
Marshall Islands,2015,NA,0,NA
Marshall Islands,2016,NA,0,NA
Marshall Islands,2017,NA,0,NA
Marshall Islands,2018,NA,0,NA
Marshall Islands,2019,NA,0,NA
Marshall Islands,2020,NA,0,NA
Marshall Islands,2021,NA,0,NA
Martinique,2006,NA,0,NA
Martinique,2007,NA,0,NA
Martinique,2008,NA,0,NA
Martinique,2009,NA,0,NA
Martinique,2010,NA,0,NA
Martinique,2011,NA,0,NA
Martinique,2012,NA,0,NA
Martinique,2013,NA,0,NA
Martinique,2014,NA,0,NA
Martinique,2015,NA,0,NA
Martinique,2016,NA,0,NA
Martinique,2017,NA,0,NA
Martinique,2018,NA,0,NA
Martinique,2019,NA,0,NA
Mauritania,2006,NA,0,NA
Mauritania,2007,NA,0,NA
Mauritania,2008,NA,0,NA
Mauritania,2009,NA,0,NA
Mauritania,2010,NA,0,NA
Mauritania,2011,NA,0,NA
Mauritania,2012,NA,0,NA
Mauritania,2013,NA,0,NA
Mauritania,2014,NA,0,NA
Mauritania,2015,NA,0,NA
Mauritania,2016,NA,0,NA
Mauritania,2017,NA,0,NA
Mauritania,2018,NA,0,NA
Mauritania,2019,NA,0,NA
Mauritania,2020,NA,0,NA
Mauritania,2021,NA,0,NA
Mauritius,2006,NA,0,NA
Mauritius,2007,NA,0,NA
Mauritius,2008,NA,0,NA
Mauritius,2009,NA,0,NA
Mauritius,2010,NA,0,NA
Mauritius,2011,NA,0,NA
Mauritius,2012,NA,0,NA
Mauritius,2013,NA,0,NA
Mauritius,2014,NA,0,NA
Mauritius,2015,NA,0,NA
Mauritius,2016,NA,0,NA
Mauritius,2017,NA,0,NA
Mauritius,2018,NA,0,NA
Mauritius,2019,NA,0,NA
Mauritius,2020,NA,0,NA
Mauritius,2021,NA,0,NA
Mexico,2006,NA,0,NA
Mexico,2007,NA,0,NA
Mexico,2008,NA,0,NA
Mexico,2009,NA,0,NA
Mexico,2010,NA,0,NA
Mexico,2011,3,1,Share Innovation
Mexico,2012,3,1,Share Innovation
Mexico,2013,3,1,Share Innovation
Mexico,2014,3,1,Share Innovation
Mexico,2015,3,1,Share Innovation
Mexico,2016,3,1,Share Innovation
Mexico,2017,3,1,Share Innovation
Mexico,2018,3,1,Share Innovation
Mexico,2019,3,1,Share Innovation
Mexico,2020,NA,0,NA
Mexico,2021,NA,0,NA
Micronesia (Federated States of),2006,NA,0,NA
Micronesia (Federated States of),2007,NA,0,NA
Micronesia (Federated States of),2008,NA,0,NA
Micronesia (Federated States of),2009,NA,0,NA
Micronesia (Federated States of),2010,NA,0,NA
Micronesia (Federated States of),2011,NA,0,NA
Micronesia (Federated States of),2012,NA,0,NA
Micronesia (Federated States of),2013,NA,0,NA
Micronesia (Federated States of),2014,NA,0,NA
Micronesia (Federated States of),2015,NA,0,NA
Micronesia (Federated States of),2016,NA,0,NA
Micronesia (Federated States of),2017,NA,0,NA
Micronesia (Federated States of),2018,NA,0,NA
Micronesia (Federated States of),2019,NA,0,NA
Micronesia (Federated States of),2021,NA,0,NA
Moldova,2006,NA,0,NA
Moldova,2007,NA,0,NA
Moldova,2008,NA,0,NA
Moldova,2009,NA,0,NA
Moldova,2010,NA,0,NA
Moldova,2011,NA,1,NA
Moldova,2012,NA,1,NA
Moldova,2013,NA,1,NA
Moldova,2014,NA,1,NA
Moldova,2015,NA,1,NA
Moldova,2016,NA,1,NA
Moldova,2017,NA,1,NA
Moldova,2018,NA,1,NA
Moldova,2019,NA,1,NA
Moldova,2020,NA,0,NA
Moldova,2021,NA,0,NA
Monaco,2006,NA,0,NA
Monaco,2007,NA,0,NA
Monaco,2008,NA,0,NA
Monaco,2009,NA,0,NA
Monaco,2010,NA,0,NA
Monaco,2011,NA,0,NA
Monaco,2012,NA,0,NA
Monaco,2013,NA,0,NA
Monaco,2014,NA,0,NA
Monaco,2015,NA,0,NA
Monaco,2016,NA,0,NA
Monaco,2017,NA,0,NA
Monaco,2018,NA,0,NA
Monaco,2019,NA,0,NA
Monaco,2020,NA,0,NA
Monaco,2021,NA,0,NA
Mongolia,2006,NA,0,NA
Mongolia,2007,NA,0,NA
Mongolia,2008,NA,0,NA
Mongolia,2009,NA,0,NA
Mongolia,2010,NA,0,NA
Mongolia,2011,2,0,Implement for Results
Mongolia,2012,2,0,Implement for Results
Mongolia,2013,2,1,Implement for Results
Mongolia,2014,2,1,Implement for Results
Mongolia,2015,2,1,Implement for Results
Mongolia,2016,2,1,Implement for Results
Mongolia,2017,2,1,Implement for Results
Mongolia,2018,2,1,Implement for Results
Mongolia,2019,2,1,Implement for Results
Mongolia,2020,NA,0,NA
Mongolia,2021,NA,0,NA
Montenegro,2006,NA,0,NA
Montenegro,2007,NA,0,NA
Montenegro,2008,NA,0,NA
Montenegro,2009,NA,0,NA
Montenegro,2010,NA,0,NA
Montenegro,2011,2,1,Implement for Results
Montenegro,2012,2,1,Implement for Results
Montenegro,2013,2,1,Implement for Results
Montenegro,2014,2,1,Implement for Results
Montenegro,2015,2,1,Implement for Results
Montenegro,2016,2,1,Implement for Results
Montenegro,2017,2,1,Implement for Results
Montenegro,2018,2,1,Implement for Results
Montenegro,2019,2,1,Implement for Results
Montenegro,2020,NA,0,NA
Montenegro,2021,NA,0,NA
Morocco,2006,NA,0,NA
Morocco,2007,NA,0,NA
Morocco,2008,NA,0,NA
Morocco,2009,NA,0,NA
Morocco,2010,NA,0,NA
Morocco,2011,NA,0,NA
Morocco,2012,NA,0,NA
Morocco,2013,NA,0,NA
Morocco,2014,NA,0,NA
Morocco,2015,NA,0,NA
Morocco,2016,NA,0,NA
Morocco,2017,NA,0,NA
Morocco,2018,NA,1,NA
Morocco,2019,NA,1,NA
Morocco,2020,NA,0,NA
Morocco,2021,NA,0,NA
Mozambique,2006,NA,0,NA
Mozambique,2007,NA,0,NA
Mozambique,2008,NA,0,NA
Mozambique,2009,NA,0,NA
Mozambique,2010,NA,0,NA
Mozambique,2011,NA,0,NA
Mozambique,2012,NA,0,NA
Mozambique,2013,NA,0,NA
Mozambique,2014,NA,0,NA
Mozambique,2015,NA,0,NA
Mozambique,2016,NA,0,NA
Mozambique,2017,NA,0,NA
Mozambique,2018,NA,0,NA
Mozambique,2019,NA,0,NA
Mozambique,2020,NA,0,NA
Mozambique,2021,NA,0,NA
Myanmar (Burma),2006,NA,0,NA
Myanmar (Burma),2007,NA,0,NA
Myanmar (Burma),2008,NA,0,NA
Myanmar (Burma),2009,NA,0,NA
Myanmar (Burma),2010,NA,0,NA
Myanmar (Burma),2011,NA,0,NA
Myanmar (Burma),2012,NA,0,NA
Myanmar (Burma),2013,NA,0,NA
Myanmar (Burma),2014,NA,0,NA
Myanmar (Burma),2015,NA,0,NA
Myanmar (Burma),2016,NA,0,NA
Myanmar (Burma),2017,NA,0,NA
Myanmar (Burma),2018,NA,0,NA
Myanmar (Burma),2019,NA,0,NA
Myanmar (Burma),2020,NA,0,NA
Myanmar (Burma),2021,NA,0,NA
Namibia,2006,NA,0,NA
Namibia,2007,NA,0,NA
Namibia,2008,NA,0,NA
Namibia,2009,NA,0,NA
Namibia,2010,NA,0,NA
Namibia,2011,NA,0,NA
Namibia,2012,NA,0,NA
Namibia,2013,NA,0,NA
Namibia,2014,NA,0,NA
Namibia,2015,NA,0,NA
Namibia,2016,NA,0,NA
Namibia,2017,NA,0,NA
Namibia,2018,NA,0,NA
Namibia,2019,NA,0,NA
Namibia,2020,NA,0,NA
Namibia,2021,NA,0,NA
Nauru,2006,NA,0,NA
Nauru,2007,NA,0,NA
Nauru,2008,NA,0,NA
Nauru,2009,NA,0,NA
Nauru,2010,NA,0,NA
Nauru,2011,NA,0,NA
Nauru,2012,NA,0,NA
Nauru,2013,NA,0,NA
Nauru,2014,NA,0,NA
Nauru,2015,NA,0,NA
Nauru,2016,NA,0,NA
Nauru,2017,NA,0,NA
Nauru,2018,NA,0,NA
Nauru,2019,NA,0,NA
Nepal,2006,NA,0,NA
Nepal,2007,NA,0,NA
Nepal,2008,NA,0,NA
Nepal,2009,NA,0,NA
Nepal,2010,NA,0,NA
Nepal,2011,NA,0,NA
Nepal,2012,NA,0,NA
Nepal,2013,NA,0,NA
Nepal,2014,NA,0,NA
Nepal,2015,NA,0,NA
Nepal,2016,NA,0,NA
Nepal,2017,NA,0,NA
Nepal,2018,NA,0,NA
Nepal,2019,NA,0,NA
Nepal,2020,NA,0,NA
Nepal,2021,NA,0,NA
Netherlands,2006,NA,0,NA
Netherlands,2007,NA,0,NA
Netherlands,2008,NA,0,NA
Netherlands,2009,NA,0,NA
Netherlands,2010,NA,0,NA
Netherlands,2011,2,1,Implement for Results
Netherlands,2012,2,1,Implement for Results
Netherlands,2013,2,1,Implement for Results
Netherlands,2014,2,1,Implement for Results
Netherlands,2015,2,1,Implement for Results
Netherlands,2016,2,1,Implement for Results
Netherlands,2017,2,1,Implement for Results
Netherlands,2018,2,1,Implement for Results
Netherlands,2019,2,1,Implement for Results
Netherlands,2020,NA,0,NA
Netherlands,2021,NA,0,NA
New Caledonia,2010,NA,0,NA
New Caledonia,2011,NA,0,NA
New Caledonia,2012,NA,0,NA
New Caledonia,2013,NA,0,NA
New Caledonia,2014,NA,0,NA
New Caledonia,2015,NA,0,NA
New Caledonia,2016,NA,0,NA
New Caledonia,2017,NA,0,NA
New Caledonia,2018,NA,0,NA
New Caledonia,2019,NA,0,NA
New Zealand,2006,NA,0,NA
New Zealand,2007,NA,0,NA
New Zealand,2008,NA,0,NA
New Zealand,2009,NA,0,NA
New Zealand,2010,NA,0,NA
New Zealand,2011,3,0,Share Innovation
New Zealand,2012,3,0,Share Innovation
New Zealand,2013,3,1,Share Innovation
New Zealand,2014,3,1,Share Innovation
New Zealand,2015,3,1,Share Innovation
New Zealand,2016,3,1,Share Innovation
New Zealand,2017,3,1,Share Innovation
New Zealand,2018,3,1,Share Innovation
New Zealand,2019,3,1,Share Innovation
New Zealand,2020,NA,0,NA
New Zealand,2021,NA,0,NA
Nicaragua,2006,NA,0,NA
Nicaragua,2007,NA,0,NA
Nicaragua,2008,NA,0,NA
Nicaragua,2009,NA,0,NA
Nicaragua,2010,NA,0,NA
Nicaragua,2011,NA,0,NA
Nicaragua,2012,NA,0,NA
Nicaragua,2013,NA,0,NA
Nicaragua,2014,NA,0,NA
Nicaragua,2015,NA,0,NA
Nicaragua,2016,NA,0,NA
Nicaragua,2017,NA,0,NA
Nicaragua,2018,NA,0,NA
Nicaragua,2019,NA,0,NA
Nicaragua,2020,NA,0,NA
Nicaragua,2021,NA,0,NA
Niger,2006,NA,0,NA
Niger,2007,NA,0,NA
Niger,2008,NA,0,NA
Niger,2009,NA,0,NA
Niger,2010,NA,0,NA
Niger,2011,NA,0,NA
Niger,2012,NA,0,NA
Niger,2013,NA,0,NA
Niger,2014,NA,0,NA
Niger,2015,NA,0,NA
Niger,2016,NA,0,NA
Niger,2017,NA,0,NA
Niger,2018,NA,0,NA
Niger,2019,NA,0,NA
Niger,2020,NA,0,NA
Niger,2021,NA,0,NA
Nigeria,2006,NA,0,NA
Nigeria,2007,NA,0,NA
Nigeria,2008,NA,0,NA
Nigeria,2009,NA,0,NA
Nigeria,2010,NA,0,NA
Nigeria,2011,NA,0,NA
Nigeria,2012,NA,0,NA
Nigeria,2013,NA,0,NA
Nigeria,2014,NA,0,NA
Nigeria,2015,NA,0,NA
Nigeria,2016,NA,1,NA
Nigeria,2017,NA,1,NA
Nigeria,2018,NA,1,NA
Nigeria,2019,NA,1,NA
Nigeria,2020,NA,0,NA
Nigeria,2021,NA,0,NA
Niue,2006,NA,0,NA
Niue,2007,NA,0,NA
Niue,2008,NA,0,NA
Niue,2009,NA,0,NA
Niue,2010,NA,0,NA
Niue,2011,NA,0,NA
Niue,2012,NA,0,NA
Niue,2013,NA,0,NA
Niue,2014,NA,0,NA
Niue,2015,NA,0,NA
Niue,2016,NA,0,NA
Niue,2017,NA,0,NA
Niue,2018,NA,0,NA
Niue,2019,NA,0,NA
North Korea,2006,NA,0,NA
North Korea,2007,NA,0,NA
North Korea,2008,NA,0,NA
North Korea,2009,NA,0,NA
North Korea,2010,NA,0,NA
North Korea,2011,NA,0,NA
North Korea,2012,NA,0,NA
North Korea,2013,NA,0,NA
North Korea,2014,NA,0,NA
North Korea,2015,NA,0,NA
North Korea,2016,NA,0,NA
North Korea,2017,NA,0,NA
North Korea,2018,NA,0,NA
North Korea,2019,NA,0,NA
North Korea,2020,NA,0,NA
North Macedonia,2006,NA,0,NA
North Macedonia,2007,NA,0,NA
North Macedonia,2008,NA,0,NA
North Macedonia,2009,NA,0,NA
North Macedonia,2010,NA,0,NA
North Macedonia,2011,2,1,Implement for Results
North Macedonia,2012,2,1,Implement for Results
North Macedonia,2013,2,1,Implement for Results
North Macedonia,2014,2,1,Implement for Results
North Macedonia,2015,2,1,Implement for Results
North Macedonia,2016,2,1,Implement for Results
North Macedonia,2017,2,1,Implement for Results
North Macedonia,2018,2,1,Implement for Results
North Macedonia,2019,2,1,Implement for Results
North Macedonia,2020,NA,0,NA
North Macedonia,2021,NA,0,NA
Northern Mariana Islands,2010,NA,0,NA
Northern Mariana Islands,2011,NA,0,NA
Northern Mariana Islands,2012,NA,0,NA
Northern Mariana Islands,2013,NA,0,NA
Northern Mariana Islands,2014,NA,0,NA
Northern Mariana Islands,2015,NA,0,NA
Northern Mariana Islands,2016,NA,0,NA
Northern Mariana Islands,2017,NA,0,NA
Northern Mariana Islands,2018,NA,0,NA
Northern Mariana Islands,2019,NA,0,NA
Norway,2006,NA,0,NA
Norway,2007,NA,0,NA
Norway,2008,NA,0,NA
Norway,2009,NA,0,NA
Norway,2010,NA,0,NA
Norway,2011,3,1,Share Innovation
Norway,2012,3,1,Share Innovation
Norway,2013,3,1,Share Innovation
Norway,2014,3,1,Share Innovation
Norway,2015,3,1,Share Innovation
Norway,2016,3,1,Share Innovation
Norway,2017,3,1,Share Innovation
Norway,2018,3,1,Share Innovation
Norway,2019,3,1,Share Innovation
Norway,2020,NA,0,NA
Norway,2021,NA,0,NA
Oman,2006,NA,0,NA
Oman,2007,NA,0,NA
Oman,2008,NA,0,NA
Oman,2009,NA,0,NA
Oman,2010,NA,0,NA
Oman,2011,NA,0,NA
Oman,2012,NA,0,NA
Oman,2013,NA,0,NA
Oman,2014,NA,0,NA
Oman,2015,NA,0,NA
Oman,2016,NA,0,NA
Oman,2017,NA,0,NA
Oman,2018,NA,0,NA
Oman,2019,NA,0,NA
Oman,2020,NA,0,NA
Oman,2021,NA,0,NA
Pakistan,2006,NA,0,NA
Pakistan,2007,NA,0,NA
Pakistan,2008,NA,0,NA
Pakistan,2009,NA,0,NA
Pakistan,2010,NA,0,NA
Pakistan,2011,1,0,Consider Action
Pakistan,2012,1,0,Consider Action
Pakistan,2013,1,0,Consider Action
Pakistan,2014,1,0,Consider Action
Pakistan,2015,1,0,Consider Action
Pakistan,2016,1,1,Consider Action
Pakistan,2017,1,1,Consider Action
Pakistan,2018,1,1,Consider Action
Pakistan,2019,1,1,Consider Action
Pakistan,2020,NA,0,NA
Pakistan,2021,NA,0,NA
Palau,2006,NA,0,NA
Palau,2007,NA,0,NA
Palau,2008,NA,0,NA
Palau,2009,NA,0,NA
Palau,2010,NA,0,NA
Palau,2011,NA,0,NA
Palau,2012,NA,0,NA
Palau,2013,NA,0,NA
Palau,2014,NA,0,NA
Palau,2015,NA,0,NA
Palau,2016,NA,0,NA
Palau,2017,NA,0,NA
Palau,2018,NA,0,NA
Palau,2019,NA,0,NA
Palestinian Territories,2006,NA,0,NA
Palestinian Territories,2007,NA,0,NA
Palestinian Territories,2008,NA,0,NA
Palestinian Territories,2009,NA,0,NA
Palestinian Territories,2010,NA,0,NA
Palestinian Territories,2011,NA,0,NA
Palestinian Territories,2012,NA,0,NA
Palestinian Territories,2013,NA,0,NA
Palestinian Territories,2014,NA,0,NA
Palestinian Territories,2015,NA,0,NA
Palestinian Territories,2016,NA,0,NA
Palestinian Territories,2017,NA,0,NA
Palestinian Territories,2018,NA,0,NA
Palestinian Territories,2019,NA,0,NA
Palestinian Territories,2020,NA,0,NA
Palestinian Territories,2021,NA,0,NA
Panama,2006,NA,0,NA
Panama,2007,NA,0,NA
Panama,2008,NA,0,NA
Panama,2009,NA,0,NA
Panama,2010,NA,0,NA
Panama,2011,2,0,Implement for Results
Panama,2012,2,1,Implement for Results
Panama,2013,2,1,Implement for Results
Panama,2014,2,1,Implement for Results
Panama,2015,2,1,Implement for Results
Panama,2016,2,1,Implement for Results
Panama,2017,2,1,Implement for Results
Panama,2018,2,1,Implement for Results
Panama,2019,2,1,Implement for Results
Panama,2020,NA,0,NA
Panama,2021,NA,0,NA
Papua New Guinea,2006,NA,0,NA
Papua New Guinea,2007,NA,0,NA
Papua New Guinea,2008,NA,0,NA
Papua New Guinea,2009,NA,0,NA
Papua New Guinea,2010,NA,0,NA
Papua New Guinea,2011,NA,0,NA
Papua New Guinea,2012,NA,0,NA
Papua New Guinea,2013,NA,0,NA
Papua New Guinea,2014,NA,0,NA
Papua New Guinea,2015,NA,1,NA
Papua New Guinea,2016,NA,1,NA
Papua New Guinea,2017,NA,1,NA
Papua New Guinea,2018,NA,1,NA
Papua New Guinea,2019,NA,1,NA
Papua New Guinea,2020,NA,0,NA
Papua New Guinea,2021,NA,0,NA
Paraguay,2006,NA,0,NA
Paraguay,2007,NA,0,NA
Paraguay,2008,NA,0,NA
Paraguay,2009,NA,0,NA
Paraguay,2010,NA,0,NA
Paraguay,2011,2,1,Implement for Results
Paraguay,2012,2,1,Implement for Results
Paraguay,2013,2,1,Implement for Results
Paraguay,2014,2,1,Implement for Results
Paraguay,2015,2,1,Implement for Results
Paraguay,2016,2,1,Implement for Results
Paraguay,2017,2,1,Implement for Results
Paraguay,2018,2,1,Implement for Results
Paraguay,2019,2,1,Implement for Results
Paraguay,2020,NA,0,NA
Paraguay,2021,NA,0,NA
Peru,2006,NA,0,NA
Peru,2007,NA,0,NA
Peru,2008,NA,0,NA
Peru,2009,NA,0,NA
Peru,2010,NA,0,NA
Peru,2011,2,1,Implement for Results
Peru,2012,2,1,Implement for Results
Peru,2013,2,1,Implement for Results
Peru,2014,2,1,Implement for Results
Peru,2015,2,1,Implement for Results
Peru,2016,2,1,Implement for Results
Peru,2017,2,1,Implement for Results
Peru,2018,2,1,Implement for Results
Peru,2019,2,1,Implement for Results
Peru,2020,NA,0,NA
Peru,2021,NA,0,NA
Philippines,2006,NA,0,NA
Philippines,2007,NA,0,NA
Philippines,2008,NA,0,NA
Philippines,2009,NA,0,NA
Philippines,2010,NA,0,NA
Philippines,2011,2,1,Implement for Results
Philippines,2012,2,1,Implement for Results
Philippines,2013,2,1,Implement for Results
Philippines,2014,2,1,Implement for Results
Philippines,2015,2,1,Implement for Results
Philippines,2016,2,1,Implement for Results
Philippines,2017,2,1,Implement for Results
Philippines,2018,2,1,Implement for Results
Philippines,2019,2,1,Implement for Results
Philippines,2020,NA,0,NA
Philippines,2021,NA,0,NA
Poland,2006,NA,0,NA
Poland,2007,NA,0,NA
Poland,2008,NA,0,NA
Poland,2009,NA,0,NA
Poland,2010,NA,0,NA
Poland,2011,NA,0,NA
Poland,2012,NA,0,NA
Poland,2013,NA,0,NA
Poland,2014,NA,0,NA
Poland,2015,NA,0,NA
Poland,2016,NA,0,NA
Poland,2017,NA,0,NA
Poland,2018,NA,0,NA
Poland,2019,NA,0,NA
Poland,2020,NA,0,NA
Poland,2021,NA,0,NA
Portugal,2006,NA,0,NA
Portugal,2007,NA,0,NA
Portugal,2008,NA,0,NA
Portugal,2009,NA,0,NA
Portugal,2010,NA,0,NA
Portugal,2011,1,0,Consider Action
Portugal,2012,1,0,Consider Action
Portugal,2013,1,0,Consider Action
Portugal,2014,1,0,Consider Action
Portugal,2015,1,0,Consider Action
Portugal,2016,1,0,Consider Action
Portugal,2017,1,1,Consider Action
Portugal,2018,1,1,Consider Action
Portugal,2019,1,1,Consider Action
Portugal,2020,NA,0,NA
Portugal,2021,NA,0,NA
Puerto Rico,2006,NA,0,NA
Puerto Rico,2007,NA,0,NA
Puerto Rico,2008,NA,0,NA
Puerto Rico,2009,NA,0,NA
Puerto Rico,2010,NA,0,NA
Puerto Rico,2011,NA,0,NA
Puerto Rico,2012,NA,0,NA
Puerto Rico,2013,NA,0,NA
Puerto Rico,2014,NA,0,NA
Puerto Rico,2015,NA,0,NA
Puerto Rico,2016,NA,0,NA
Puerto Rico,2017,NA,0,NA
Puerto Rico,2018,NA,0,NA
Puerto Rico,2019,NA,0,NA
Qatar,2006,NA,0,NA
Qatar,2007,NA,0,NA
Qatar,2008,NA,0,NA
Qatar,2009,NA,0,NA
Qatar,2010,NA,0,NA
Qatar,2011,NA,0,NA
Qatar,2012,NA,0,NA
Qatar,2013,NA,0,NA
Qatar,2014,NA,0,NA
Qatar,2015,NA,0,NA
Qatar,2016,NA,0,NA
Qatar,2017,NA,0,NA
Qatar,2018,NA,0,NA
Qatar,2019,NA,0,NA
Qatar,2020,NA,0,NA
Qatar,2021,NA,0,NA
Réunion,2006,NA,0,NA
Réunion,2007,NA,0,NA
Réunion,2008,NA,0,NA
Réunion,2009,NA,0,NA
Réunion,2010,NA,0,NA
Réunion,2011,NA,0,NA
Réunion,2012,NA,0,NA
Réunion,2013,NA,0,NA
Réunion,2014,NA,0,NA
Réunion,2015,NA,0,NA
Réunion,2016,NA,0,NA
Réunion,2017,NA,0,NA
Réunion,2018,NA,0,NA
Réunion,2019,NA,0,NA
Romania,2006,NA,0,NA
Romania,2007,NA,0,NA
Romania,2008,NA,0,NA
Romania,2009,NA,0,NA
Romania,2010,NA,0,NA
Romania,2011,3,1,Share Innovation
Romania,2012,3,1,Share Innovation
Romania,2013,3,1,Share Innovation
Romania,2014,3,1,Share Innovation
Romania,2015,3,1,Share Innovation
Romania,2016,3,1,Share Innovation
Romania,2017,3,1,Share Innovation
Romania,2018,3,1,Share Innovation
Romania,2019,3,1,Share Innovation
Romania,2020,NA,0,NA
Romania,2021,NA,0,NA
Russia,2006,NA,0,NA
Russia,2007,NA,0,NA
Russia,2008,NA,0,NA
Russia,2009,NA,0,NA
Russia,2010,NA,0,NA
Russia,2011,NA,0,NA
Russia,2012,NA,0,NA
Russia,2013,NA,0,NA
Russia,2014,NA,0,NA
Russia,2015,NA,0,NA
Russia,2016,NA,0,NA
Russia,2017,NA,0,NA
Russia,2018,NA,0,NA
Russia,2019,NA,0,NA
Russia,2020,NA,0,NA
Russia,2021,NA,0,NA
Rwanda,2006,NA,0,NA
Rwanda,2007,NA,0,NA
Rwanda,2008,NA,0,NA
Rwanda,2009,NA,0,NA
Rwanda,2010,NA,0,NA
Rwanda,2011,NA,0,NA
Rwanda,2012,NA,0,NA
Rwanda,2013,NA,0,NA
Rwanda,2014,NA,0,NA
Rwanda,2015,NA,0,NA
Rwanda,2016,NA,0,NA
Rwanda,2017,NA,0,NA
Rwanda,2018,NA,0,NA
Rwanda,2019,NA,0,NA
Rwanda,2020,NA,0,NA
Rwanda,2021,NA,0,NA
Saint Martin (French part),2010,NA,0,NA
Saint Martin (French part),2011,NA,0,NA
Saint Martin (French part),2012,NA,0,NA
Saint Martin (French part),2013,NA,0,NA
Saint Martin (French part),2014,NA,0,NA
Saint Martin (French part),2015,NA,0,NA
Saint Martin (French part),2016,NA,0,NA
Saint Martin (French part),2017,NA,0,NA
Saint Martin (French part),2018,NA,0,NA
Saint Martin (French part),2019,NA,0,NA
Samoa,2006,NA,0,NA
Samoa,2007,NA,0,NA
Samoa,2008,NA,0,NA
Samoa,2009,NA,0,NA
Samoa,2010,NA,0,NA
Samoa,2011,NA,0,NA
Samoa,2012,NA,0,NA
Samoa,2013,NA,0,NA
Samoa,2014,NA,0,NA
Samoa,2015,NA,0,NA
Samoa,2016,NA,0,NA
Samoa,2017,NA,0,NA
Samoa,2018,NA,0,NA
Samoa,2019,NA,0,NA
Samoa,2020,NA,0,NA
Samoa,2021,NA,0,NA
San Marino,2006,NA,0,NA
San Marino,2007,NA,0,NA
San Marino,2008,NA,0,NA
San Marino,2009,NA,0,NA
San Marino,2010,NA,0,NA
San Marino,2011,NA,0,NA
San Marino,2012,NA,0,NA
San Marino,2013,NA,0,NA
San Marino,2014,NA,0,NA
San Marino,2015,NA,0,NA
San Marino,2016,NA,0,NA
San Marino,2017,NA,0,NA
San Marino,2018,NA,0,NA
San Marino,2019,NA,0,NA
San Marino,2020,NA,0,NA
San Marino,2021,NA,0,NA
São Tomé & Príncipe,2006,NA,0,NA
São Tomé & Príncipe,2007,NA,0,NA
São Tomé & Príncipe,2008,NA,0,NA
São Tomé & Príncipe,2009,NA,0,NA
São Tomé & Príncipe,2010,NA,0,NA
São Tomé & Príncipe,2011,NA,0,NA
São Tomé & Príncipe,2012,NA,0,NA
São Tomé & Príncipe,2013,NA,0,NA
São Tomé & Príncipe,2014,NA,0,NA
São Tomé & Príncipe,2015,NA,0,NA
São Tomé & Príncipe,2016,NA,0,NA
São Tomé & Príncipe,2017,NA,0,NA
São Tomé & Príncipe,2018,NA,0,NA
São Tomé & Príncipe,2019,NA,0,NA
São Tomé & Príncipe,2020,NA,0,NA
São Tomé & Príncipe,2021,NA,0,NA
Saudi Arabia,2006,NA,0,NA
Saudi Arabia,2007,NA,0,NA
Saudi Arabia,2008,NA,0,NA
Saudi Arabia,2009,NA,0,NA
Saudi Arabia,2010,NA,0,NA
Saudi Arabia,2011,NA,0,NA
Saudi Arabia,2012,NA,0,NA
Saudi Arabia,2013,NA,0,NA
Saudi Arabia,2014,NA,0,NA
Saudi Arabia,2015,NA,0,NA
Saudi Arabia,2016,NA,0,NA
Saudi Arabia,2017,NA,0,NA
Saudi Arabia,2018,NA,0,NA
Saudi Arabia,2019,NA,0,NA
Saudi Arabia,2020,NA,0,NA
Saudi Arabia,2021,NA,0,NA
Senegal,2006,NA,0,NA
Senegal,2007,NA,0,NA
Senegal,2008,NA,0,NA
Senegal,2009,NA,0,NA
Senegal,2010,NA,0,NA
Senegal,2011,1,0,Consider Action
Senegal,2012,1,0,Consider Action
Senegal,2013,1,0,Consider Action
Senegal,2014,1,0,Consider Action
Senegal,2015,1,0,Consider Action
Senegal,2016,1,0,Consider Action
Senegal,2017,1,0,Consider Action
Senegal,2018,1,1,Consider Action
Senegal,2019,1,1,Consider Action
Senegal,2020,NA,0,NA
Senegal,2021,NA,0,NA
Serbia,2006,NA,0,NA
Serbia,2007,NA,0,NA
Serbia,2008,NA,0,NA
Serbia,2009,NA,0,NA
Serbia,2010,NA,0,NA
Serbia,2011,2,0,Implement for Results
Serbia,2012,2,1,Implement for Results
Serbia,2013,2,1,Implement for Results
Serbia,2014,2,1,Implement for Results
Serbia,2015,2,1,Implement for Results
Serbia,2016,2,1,Implement for Results
Serbia,2017,2,1,Implement for Results
Serbia,2018,2,1,Implement for Results
Serbia,2019,2,1,Implement for Results
Serbia,2020,NA,0,NA
Serbia,2021,NA,0,NA
Seychelles,2006,NA,0,NA
Seychelles,2007,NA,0,NA
Seychelles,2008,NA,0,NA
Seychelles,2009,NA,0,NA
Seychelles,2010,NA,0,NA
Seychelles,2011,NA,0,NA
Seychelles,2012,NA,0,NA
Seychelles,2013,NA,0,NA
Seychelles,2014,NA,0,NA
Seychelles,2015,NA,0,NA
Seychelles,2016,NA,0,NA
Seychelles,2017,NA,0,NA
Seychelles,2018,NA,1,NA
Seychelles,2019,NA,1,NA
Seychelles,2020,NA,0,NA
Seychelles,2021,NA,0,NA
Sierra Leone,2006,NA,0,NA
Sierra Leone,2007,NA,0,NA
Sierra Leone,2008,NA,0,NA
Sierra Leone,2009,NA,0,NA
Sierra Leone,2010,NA,0,NA
Sierra Leone,2011,2,0,Implement for Results
Sierra Leone,2012,2,0,Implement for Results
Sierra Leone,2013,2,1,Implement for Results
Sierra Leone,2014,2,1,Implement for Results
Sierra Leone,2015,2,1,Implement for Results
Sierra Leone,2016,2,1,Implement for Results
Sierra Leone,2017,2,1,Implement for Results
Sierra Leone,2018,2,1,Implement for Results
Sierra Leone,2019,2,1,Implement for Results
Sierra Leone,2020,NA,0,NA
Sierra Leone,2021,NA,0,NA
Singapore,2006,NA,0,NA
Singapore,2007,NA,0,NA
Singapore,2008,NA,0,NA
Singapore,2009,NA,0,NA
Singapore,2010,NA,0,NA
Singapore,2011,NA,0,NA
Singapore,2012,NA,0,NA
Singapore,2013,NA,0,NA
Singapore,2014,NA,0,NA
Singapore,2015,NA,0,NA
Singapore,2016,NA,0,NA
Singapore,2017,NA,0,NA
Singapore,2018,NA,0,NA
Singapore,2019,NA,0,NA
Singapore,2020,NA,0,NA
Singapore,2021,NA,0,NA
Sint Maarten,2010,NA,0,NA
Sint Maarten,2011,NA,0,NA
Sint Maarten,2012,NA,0,NA
Sint Maarten,2013,NA,0,NA
Sint Maarten,2014,NA,0,NA
Sint Maarten,2015,NA,0,NA
Sint Maarten,2016,NA,0,NA
Sint Maarten,2017,NA,0,NA
Sint Maarten,2018,NA,0,NA
Sint Maarten,2019,NA,0,NA
Slovakia,2006,NA,0,NA
Slovakia,2007,NA,0,NA
Slovakia,2008,NA,0,NA
Slovakia,2009,NA,0,NA
Slovakia,2010,NA,0,NA
Slovakia,2011,2,1,Implement for Results
Slovakia,2012,2,1,Implement for Results
Slovakia,2013,2,1,Implement for Results
Slovakia,2014,2,1,Implement for Results
Slovakia,2015,2,1,Implement for Results
Slovakia,2016,2,1,Implement for Results
Slovakia,2017,2,1,Implement for Results
Slovakia,2018,2,1,Implement for Results
Slovakia,2019,2,1,Implement for Results
Slovakia,2020,NA,0,NA
Slovakia,2021,NA,0,NA
Slovenia,2006,NA,0,NA
Slovenia,2007,NA,0,NA
Slovenia,2008,NA,0,NA
Slovenia,2009,NA,0,NA
Slovenia,2010,NA,0,NA
Slovenia,2011,NA,0,NA
Slovenia,2012,NA,0,NA
Slovenia,2013,NA,0,NA
Slovenia,2014,NA,0,NA
Slovenia,2015,NA,0,NA
Slovenia,2016,NA,0,NA
Slovenia,2017,NA,0,NA
Slovenia,2018,NA,0,NA
Slovenia,2019,NA,0,NA
Slovenia,2020,NA,0,NA
Slovenia,2021,NA,0,NA
Solomon Islands,2006,NA,0,NA
Solomon Islands,2007,NA,0,NA
Solomon Islands,2008,NA,0,NA
Solomon Islands,2009,NA,0,NA
Solomon Islands,2010,NA,0,NA
Solomon Islands,2011,NA,0,NA
Solomon Islands,2012,NA,0,NA
Solomon Islands,2013,NA,0,NA
Solomon Islands,2014,NA,0,NA
Solomon Islands,2015,NA,0,NA
Solomon Islands,2016,NA,0,NA
Solomon Islands,2017,NA,0,NA
Solomon Islands,2018,NA,0,NA
Solomon Islands,2019,NA,0,NA
Solomon Islands,2020,NA,0,NA
Solomon Islands,2021,NA,0,NA
Somalia,2006,NA,0,NA
Somalia,2007,NA,0,NA
Somalia,2008,NA,0,NA
Somalia,2009,NA,0,NA
Somalia,2010,NA,0,NA
Somalia,2011,NA,0,NA
Somalia,2012,NA,0,NA
Somalia,2013,NA,0,NA
Somalia,2014,NA,0,NA
Somalia,2015,NA,0,NA
Somalia,2016,NA,0,NA
Somalia,2017,NA,0,NA
Somalia,2018,NA,0,NA
Somalia,2019,NA,0,NA
Somalia,2020,NA,0,NA
Somalia,2021,NA,0,NA
South Africa,2006,NA,0,NA
South Africa,2007,NA,0,NA
South Africa,2008,NA,0,NA
South Africa,2009,NA,0,NA
South Africa,2010,NA,0,NA
South Africa,2011,3,1,Share Innovation
South Africa,2012,3,1,Share Innovation
South Africa,2013,3,1,Share Innovation
South Africa,2014,3,1,Share Innovation
South Africa,2015,3,1,Share Innovation
South Africa,2016,3,1,Share Innovation
South Africa,2017,3,1,Share Innovation
South Africa,2018,3,1,Share Innovation
South Africa,2019,3,1,Share Innovation
South Africa,2020,NA,0,NA
South Africa,2021,NA,0,NA
South Korea,2006,NA,0,NA
South Korea,2007,NA,0,NA
South Korea,2008,NA,0,NA
South Korea,2009,NA,0,NA
South Korea,2010,NA,0,NA
South Korea,2011,2,1,Implement for Results
South Korea,2012,2,1,Implement for Results
South Korea,2013,2,1,Implement for Results
South Korea,2014,2,1,Implement for Results
South Korea,2015,2,1,Implement for Results
South Korea,2016,2,1,Implement for Results
South Korea,2017,2,1,Implement for Results
South Korea,2018,2,1,Implement for Results
South Korea,2019,2,1,Implement for Results
South Korea,2020,NA,0,NA
South Korea,2021,NA,0,NA
South Sudan,2006,NA,0,NA
South Sudan,2007,NA,0,NA
South Sudan,2008,NA,0,NA
South Sudan,2009,NA,0,NA
South Sudan,2010,NA,0,NA
South Sudan,2011,NA,0,NA
South Sudan,2012,NA,0,NA
South Sudan,2013,NA,0,NA
South Sudan,2014,NA,0,NA
South Sudan,2015,NA,0,NA
South Sudan,2016,NA,0,NA
South Sudan,2017,NA,0,NA
South Sudan,2018,NA,0,NA
South Sudan,2019,NA,0,NA
South Sudan,2020,NA,0,NA
South Sudan,2021,NA,0,NA
Spain,2006,NA,0,NA
Spain,2007,NA,0,NA
Spain,2008,NA,0,NA
Spain,2009,NA,0,NA
Spain,2010,NA,0,NA
Spain,2011,2,1,Implement for Results
Spain,2012,2,1,Implement for Results
Spain,2013,2,1,Implement for Results
Spain,2014,2,1,Implement for Results
Spain,2015,2,1,Implement for Results
Spain,2016,2,1,Implement for Results
Spain,2017,2,1,Implement for Results
Spain,2018,2,1,Implement for Results
Spain,2019,2,1,Implement for Results
Spain,2020,NA,0,NA
Spain,2021,NA,0,NA
Sri Lanka,2006,NA,0,NA
Sri Lanka,2007,NA,0,NA
Sri Lanka,2008,NA,0,NA
Sri Lanka,2009,NA,0,NA
Sri Lanka,2010,NA,0,NA
Sri Lanka,2011,2,0,Implement for Results
Sri Lanka,2012,2,0,Implement for Results
Sri Lanka,2013,2,0,Implement for Results
Sri Lanka,2014,2,0,Implement for Results
Sri Lanka,2015,2,1,Implement for Results
Sri Lanka,2016,2,1,Implement for Results
Sri Lanka,2017,2,1,Implement for Results
Sri Lanka,2018,2,1,Implement for Results
Sri Lanka,2019,2,1,Implement for Results
Sri Lanka,2020,NA,0,NA
Sri Lanka,2021,NA,0,NA
St. Helena,2021,NA,0,NA
St. Kitts & Nevis,2006,NA,0,NA
St. Kitts & Nevis,2007,NA,0,NA
St. Kitts & Nevis,2008,NA,0,NA
St. Kitts & Nevis,2009,NA,0,NA
St. Kitts & Nevis,2010,NA,0,NA
St. Kitts & Nevis,2011,NA,0,NA
St. Kitts & Nevis,2012,NA,0,NA
St. Kitts & Nevis,2013,NA,0,NA
St. Kitts & Nevis,2014,NA,0,NA
St. Kitts & Nevis,2015,NA,0,NA
St. Kitts & Nevis,2016,NA,0,NA
St. Kitts & Nevis,2017,NA,0,NA
St. Kitts & Nevis,2018,NA,0,NA
St. Kitts & Nevis,2019,NA,0,NA
St. Kitts & Nevis,2020,NA,0,NA
St. Kitts & Nevis,2021,NA,0,NA
St. Lucia,2006,NA,0,NA
St. Lucia,2007,NA,0,NA
St. Lucia,2008,NA,0,NA
St. Lucia,2009,NA,0,NA
St. Lucia,2010,NA,0,NA
St. Lucia,2011,NA,0,NA
St. Lucia,2012,NA,0,NA
St. Lucia,2013,NA,0,NA
St. Lucia,2014,NA,0,NA
St. Lucia,2015,NA,0,NA
St. Lucia,2016,NA,0,NA
St. Lucia,2017,NA,0,NA
St. Lucia,2018,NA,0,NA
St. Lucia,2019,NA,0,NA
St. Lucia,2020,NA,0,NA
St. Lucia,2021,NA,0,NA
St. Vincent & Grenadines,2006,NA,0,NA
St. Vincent & Grenadines,2007,NA,0,NA
St. Vincent & Grenadines,2008,NA,0,NA
St. Vincent & Grenadines,2009,NA,0,NA
St. Vincent & Grenadines,2010,NA,0,NA
St. Vincent & Grenadines,2011,NA,0,NA
St. Vincent & Grenadines,2012,NA,0,NA
St. Vincent & Grenadines,2013,NA,0,NA
St. Vincent & Grenadines,2014,NA,0,NA
St. Vincent & Grenadines,2015,NA,0,NA
St. Vincent & Grenadines,2016,NA,0,NA
St. Vincent & Grenadines,2017,NA,0,NA
St. Vincent & Grenadines,2018,NA,0,NA
St. Vincent & Grenadines,2019,NA,0,NA
St. Vincent & Grenadines,2020,NA,0,NA
St. Vincent & Grenadines,2021,NA,0,NA
Sudan,2006,NA,0,NA
Sudan,2007,NA,0,NA
Sudan,2008,NA,0,NA
Sudan,2009,NA,0,NA
Sudan,2010,NA,0,NA
Sudan,2011,NA,0,NA
Sudan,2012,NA,0,NA
Sudan,2013,NA,0,NA
Sudan,2014,NA,0,NA
Sudan,2015,NA,0,NA
Sudan,2016,NA,0,NA
Sudan,2017,NA,0,NA
Sudan,2018,NA,0,NA
Sudan,2019,NA,0,NA
Sudan,2020,NA,0,NA
Sudan,2021,NA,0,NA
Suriname,2006,NA,0,NA
Suriname,2007,NA,0,NA
Suriname,2008,NA,0,NA
Suriname,2009,NA,0,NA
Suriname,2010,NA,0,NA
Suriname,2011,NA,0,NA
Suriname,2012,NA,0,NA
Suriname,2013,NA,0,NA
Suriname,2014,NA,0,NA
Suriname,2015,NA,0,NA
Suriname,2016,NA,0,NA
Suriname,2017,NA,0,NA
Suriname,2018,NA,0,NA
Suriname,2019,NA,0,NA
Suriname,2020,NA,0,NA
Suriname,2021,NA,0,NA
Sweden,2006,NA,0,NA
Sweden,2007,NA,0,NA
Sweden,2008,NA,0,NA
Sweden,2009,NA,0,NA
Sweden,2010,NA,0,NA
Sweden,2011,3,1,Share Innovation
Sweden,2012,3,1,Share Innovation
Sweden,2013,3,1,Share Innovation
Sweden,2014,3,1,Share Innovation
Sweden,2015,3,1,Share Innovation
Sweden,2016,3,1,Share Innovation
Sweden,2017,3,1,Share Innovation
Sweden,2018,3,1,Share Innovation
Sweden,2019,3,1,Share Innovation
Sweden,2020,NA,0,NA
Sweden,2021,NA,0,NA
Switzerland,2006,NA,0,NA
Switzerland,2007,NA,0,NA
Switzerland,2008,NA,0,NA
Switzerland,2009,NA,0,NA
Switzerland,2010,NA,0,NA
Switzerland,2011,NA,0,NA
Switzerland,2012,NA,0,NA
Switzerland,2013,NA,0,NA
Switzerland,2014,NA,0,NA
Switzerland,2015,NA,0,NA
Switzerland,2016,NA,0,NA
Switzerland,2017,NA,0,NA
Switzerland,2018,NA,0,NA
Switzerland,2019,NA,0,NA
Switzerland,2020,NA,0,NA
Switzerland,2021,NA,0,NA
Syria,2006,NA,0,NA
Syria,2007,NA,0,NA
Syria,2008,NA,0,NA
Syria,2009,NA,0,NA
Syria,2010,NA,0,NA
Syria,2011,NA,0,NA
Syria,2012,NA,0,NA
Syria,2013,NA,0,NA
Syria,2014,NA,0,NA
Syria,2015,NA,0,NA
Syria,2016,NA,0,NA
Syria,2017,NA,0,NA
Syria,2018,NA,0,NA
Syria,2019,NA,0,NA
Syria,2020,NA,0,NA
Syria,2021,NA,0,NA
Taiwan,2006,NA,0,NA
Taiwan,2007,NA,0,NA
Taiwan,2008,NA,0,NA
Taiwan,2009,NA,0,NA
Taiwan,2010,NA,0,NA
Taiwan,2011,NA,0,NA
Taiwan,2012,NA,0,NA
Taiwan,2013,NA,0,NA
Taiwan,2014,NA,0,NA
Taiwan,2015,NA,0,NA
Taiwan,2016,NA,0,NA
Taiwan,2017,NA,0,NA
Taiwan,2018,NA,0,NA
Taiwan,2019,NA,0,NA
Taiwan,2020,NA,0,NA
Taiwan,2021,NA,0,NA
Tajikistan,2006,NA,0,NA
Tajikistan,2007,NA,0,NA
Tajikistan,2008,NA,0,NA
Tajikistan,2009,NA,0,NA
Tajikistan,2010,NA,0,NA
Tajikistan,2011,NA,0,NA
Tajikistan,2012,NA,0,NA
Tajikistan,2013,NA,0,NA
Tajikistan,2014,NA,0,NA
Tajikistan,2015,NA,0,NA
Tajikistan,2016,NA,0,NA
Tajikistan,2017,NA,0,NA
Tajikistan,2018,NA,0,NA
Tajikistan,2019,NA,0,NA
Tajikistan,2020,NA,0,NA
Tajikistan,2021,NA,0,NA
Tanzania,2006,NA,0,NA
Tanzania,2007,NA,0,NA
Tanzania,2008,NA,0,NA
Tanzania,2009,NA,0,NA
Tanzania,2010,NA,0,NA
Tanzania,2011,NA,0,NA
Tanzania,2012,NA,0,NA
Tanzania,2013,NA,0,NA
Tanzania,2014,NA,0,NA
Tanzania,2015,NA,0,NA
Tanzania,2016,NA,0,NA
Tanzania,2017,NA,0,NA
Tanzania,2018,NA,0,NA
Tanzania,2019,NA,0,NA
Tanzania,2020,NA,0,NA
Tanzania,2021,NA,0,NA
Thailand,2006,NA,0,NA
Thailand,2007,NA,0,NA
Thailand,2008,NA,0,NA
Thailand,2009,NA,0,NA
Thailand,2010,NA,0,NA
Thailand,2011,NA,0,NA
Thailand,2012,NA,0,NA
Thailand,2013,NA,0,NA
Thailand,2014,NA,0,NA
Thailand,2015,NA,0,NA
Thailand,2016,NA,0,NA
Thailand,2017,NA,0,NA
Thailand,2018,NA,0,NA
Thailand,2019,NA,0,NA
Thailand,2020,NA,0,NA
Thailand,2021,NA,0,NA
Timor-Leste,2006,NA,0,NA
Timor-Leste,2007,NA,0,NA
Timor-Leste,2008,NA,0,NA
Timor-Leste,2009,NA,0,NA
Timor-Leste,2010,NA,0,NA
Timor-Leste,2011,NA,0,NA
Timor-Leste,2012,NA,0,NA
Timor-Leste,2013,NA,0,NA
Timor-Leste,2014,NA,0,NA
Timor-Leste,2015,NA,0,NA
Timor-Leste,2016,NA,0,NA
Timor-Leste,2017,NA,0,NA
Timor-Leste,2018,NA,0,NA
Timor-Leste,2019,NA,0,NA
Timor-Leste,2020,NA,0,NA
Timor-Leste,2021,NA,0,NA
Togo,2006,NA,0,NA
Togo,2007,NA,0,NA
Togo,2008,NA,0,NA
Togo,2009,NA,0,NA
Togo,2010,NA,0,NA
Togo,2011,NA,0,NA
Togo,2012,NA,0,NA
Togo,2013,NA,0,NA
Togo,2014,NA,0,NA
Togo,2015,NA,0,NA
Togo,2016,NA,0,NA
Togo,2017,NA,0,NA
Togo,2018,NA,0,NA
Togo,2019,NA,0,NA
Togo,2020,NA,0,NA
Togo,2021,NA,0,NA
Tonga,2006,NA,0,NA
Tonga,2007,NA,0,NA
Tonga,2008,NA,0,NA
Tonga,2009,NA,0,NA
Tonga,2010,NA,0,NA
Tonga,2011,NA,0,NA
Tonga,2012,NA,0,NA
Tonga,2013,NA,0,NA
Tonga,2014,NA,0,NA
Tonga,2015,NA,0,NA
Tonga,2016,NA,0,NA
Tonga,2017,NA,0,NA
Tonga,2018,NA,0,NA
Tonga,2019,NA,0,NA
Trinidad & Tobago,2006,NA,0,NA
Trinidad & Tobago,2007,NA,0,NA
Trinidad & Tobago,2008,NA,0,NA
Trinidad & Tobago,2009,NA,0,NA
Trinidad & Tobago,2010,NA,0,NA
Trinidad & Tobago,2011,1,0,Consider Action
Trinidad & Tobago,2012,1,1,Consider Action
Trinidad & Tobago,2013,1,0,Consider Action
Trinidad & Tobago,2014,1,0,Consider Action
Trinidad & Tobago,2015,1,0,Consider Action
Trinidad & Tobago,2016,1,0,Consider Action
Trinidad & Tobago,2017,1,0,Consider Action
Trinidad & Tobago,2018,1,0,Consider Action
Trinidad & Tobago,2019,1,0,Consider Action
Trinidad & Tobago,2020,NA,0,NA
Trinidad & Tobago,2021,NA,0,NA
Tunisia,2006,NA,0,NA
Tunisia,2007,NA,0,NA
Tunisia,2008,NA,0,NA
Tunisia,2009,NA,0,NA
Tunisia,2010,NA,0,NA
Tunisia,2011,2,0,Implement for Results
Tunisia,2012,2,0,Implement for Results
Tunisia,2013,2,0,Implement for Results
Tunisia,2014,2,1,Implement for Results
Tunisia,2015,2,1,Implement for Results
Tunisia,2016,2,1,Implement for Results
Tunisia,2017,2,1,Implement for Results
Tunisia,2018,2,1,Implement for Results
Tunisia,2019,2,1,Implement for Results
Tunisia,2020,NA,0,NA
Tunisia,2021,NA,0,NA
Turkey,2006,NA,0,NA
Turkey,2007,NA,0,NA
Turkey,2008,NA,0,NA
Turkey,2009,NA,0,NA
Turkey,2010,NA,0,NA
Turkey,2011,NA,0,NA
Turkey,2012,NA,0,NA
Turkey,2013,NA,0,NA
Turkey,2014,NA,0,NA
Turkey,2015,NA,0,NA
Turkey,2016,NA,0,NA
Turkey,2017,NA,0,NA
Turkey,2018,NA,0,NA
Turkey,2019,NA,0,NA
Turkey,2020,NA,0,NA
Turkey,2021,NA,0,NA
Turkmenistan,2006,NA,0,NA
Turkmenistan,2007,NA,0,NA
Turkmenistan,2008,NA,0,NA
Turkmenistan,2009,NA,0,NA
Turkmenistan,2010,NA,0,NA
Turkmenistan,2011,NA,0,NA
Turkmenistan,2012,NA,0,NA
Turkmenistan,2013,NA,0,NA
Turkmenistan,2014,NA,0,NA
Turkmenistan,2015,NA,0,NA
Turkmenistan,2016,NA,0,NA
Turkmenistan,2017,NA,0,NA
Turkmenistan,2018,NA,0,NA
Turkmenistan,2019,NA,0,NA
Turkmenistan,2020,NA,0,NA
Turks & Caicos Islands,2010,NA,0,NA
Turks & Caicos Islands,2011,NA,0,NA
Turks & Caicos Islands,2012,NA,0,NA
Turks & Caicos Islands,2013,NA,0,NA
Turks & Caicos Islands,2014,NA,0,NA
Turks & Caicos Islands,2015,NA,0,NA
Turks & Caicos Islands,2016,NA,0,NA
Turks & Caicos Islands,2017,NA,0,NA
Turks & Caicos Islands,2018,NA,0,NA
Turks & Caicos Islands,2019,NA,0,NA
Turks & Caicos Islands,2021,NA,0,NA
Tuvalu,2006,NA,0,NA
Tuvalu,2007,NA,0,NA
Tuvalu,2008,NA,0,NA
Tuvalu,2009,NA,0,NA
Tuvalu,2010,NA,0,NA
Tuvalu,2011,NA,0,NA
Tuvalu,2012,NA,0,NA
Tuvalu,2013,NA,0,NA
Tuvalu,2014,NA,0,NA
Tuvalu,2015,NA,0,NA
Tuvalu,2016,NA,0,NA
Tuvalu,2017,NA,0,NA
Tuvalu,2018,NA,0,NA
Tuvalu,2019,NA,0,NA
U.S. Virgin Islands,2006,NA,0,NA
U.S. Virgin Islands,2007,NA,0,NA
U.S. Virgin Islands,2008,NA,0,NA
U.S. Virgin Islands,2009,NA,0,NA
U.S. Virgin Islands,2010,NA,0,NA
U.S. Virgin Islands,2011,NA,0,NA
U.S. Virgin Islands,2012,NA,0,NA
U.S. Virgin Islands,2013,NA,0,NA
U.S. Virgin Islands,2014,NA,0,NA
U.S. Virgin Islands,2015,NA,0,NA
U.S. Virgin Islands,2016,NA,0,NA
U.S. Virgin Islands,2017,NA,0,NA
U.S. Virgin Islands,2018,NA,0,NA
U.S. Virgin Islands,2019,NA,0,NA
Uganda,2006,NA,0,NA
Uganda,2007,NA,0,NA
Uganda,2008,NA,0,NA
Uganda,2009,NA,0,NA
Uganda,2010,NA,0,NA
Uganda,2011,NA,0,NA
Uganda,2012,NA,0,NA
Uganda,2013,NA,0,NA
Uganda,2014,NA,0,NA
Uganda,2015,NA,0,NA
Uganda,2016,NA,0,NA
Uganda,2017,NA,0,NA
Uganda,2018,NA,0,NA
Uganda,2019,NA,0,NA
Uganda,2020,NA,0,NA
Uganda,2021,NA,0,NA
Ukraine,2006,NA,0,NA
Ukraine,2007,NA,0,NA
Ukraine,2008,NA,0,NA
Ukraine,2009,NA,0,NA
Ukraine,2010,NA,0,NA
Ukraine,2011,2,1,Implement for Results
Ukraine,2012,2,1,Implement for Results
Ukraine,2013,2,1,Implement for Results
Ukraine,2014,2,1,Implement for Results
Ukraine,2015,2,1,Implement for Results
Ukraine,2016,2,1,Implement for Results
Ukraine,2017,2,1,Implement for Results
Ukraine,2018,2,1,Implement for Results
Ukraine,2019,2,1,Implement for Results
Ukraine,2020,NA,0,NA
Ukraine,2021,NA,0,NA
United Arab Emirates,2006,NA,0,NA
United Arab Emirates,2007,NA,0,NA
United Arab Emirates,2008,NA,0,NA
United Arab Emirates,2009,NA,0,NA
United Arab Emirates,2010,NA,0,NA
United Arab Emirates,2011,NA,0,NA
United Arab Emirates,2012,NA,0,NA
United Arab Emirates,2013,NA,0,NA
United Arab Emirates,2014,NA,0,NA
United Arab Emirates,2015,NA,0,NA
United Arab Emirates,2016,NA,0,NA
United Arab Emirates,2017,NA,0,NA
United Arab Emirates,2018,NA,0,NA
United Arab Emirates,2019,NA,0,NA
United Arab Emirates,2020,NA,0,NA
United Arab Emirates,2021,NA,0,NA
United Kingdom,2006,NA,0,NA
United Kingdom,2007,NA,0,NA
United Kingdom,2008,NA,0,NA
United Kingdom,2009,NA,0,NA
United Kingdom,2010,NA,0,NA
United Kingdom,2011,3,1,Share Innovation
United Kingdom,2012,3,1,Share Innovation
United Kingdom,2013,3,1,Share Innovation
United Kingdom,2014,3,1,Share Innovation
United Kingdom,2015,3,1,Share Innovation
United Kingdom,2016,3,1,Share Innovation
United Kingdom,2017,3,1,Share Innovation
United Kingdom,2018,3,1,Share Innovation
United Kingdom,2019,3,1,Share Innovation
United Kingdom,2020,NA,0,NA
United Kingdom,2021,NA,0,NA
United States,2006,NA,0,NA
United States,2007,NA,0,NA
United States,2008,NA,0,NA
United States,2009,NA,0,NA
United States,2010,NA,0,NA
United States,2011,3,1,Share Innovation
United States,2012,3,1,Share Innovation
United States,2013,3,1,Share Innovation
United States,2014,3,1,Share Innovation
United States,2015,3,1,Share Innovation
United States,2016,3,1,Share Innovation
United States,2017,3,1,Share Innovation
United States,2018,3,1,Share Innovation
United States,2019,3,1,Share Innovation
United States,2020,NA,0,NA
United States,2021,NA,0,NA
Uruguay,2006,NA,0,NA
Uruguay,2007,NA,0,NA
Uruguay,2008,NA,0,NA
Uruguay,2009,NA,0,NA
Uruguay,2010,NA,0,NA
Uruguay,2011,2,1,Implement for Results
Uruguay,2012,2,1,Implement for Results
Uruguay,2013,2,1,Implement for Results
Uruguay,2014,2,1,Implement for Results
Uruguay,2015,2,1,Implement for Results
Uruguay,2016,2,1,Implement for Results
Uruguay,2017,2,1,Implement for Results
Uruguay,2018,2,1,Implement for Results
Uruguay,2019,2,1,Implement for Results
Uruguay,2020,NA,0,NA
Uruguay,2021,NA,0,NA
Uzbekistan,2006,NA,0,NA
Uzbekistan,2007,NA,0,NA
Uzbekistan,2008,NA,0,NA
Uzbekistan,2009,NA,0,NA
Uzbekistan,2010,NA,0,NA
Uzbekistan,2011,NA,0,NA
Uzbekistan,2012,NA,0,NA
Uzbekistan,2013,NA,0,NA
Uzbekistan,2014,NA,0,NA
Uzbekistan,2015,NA,0,NA
Uzbekistan,2016,NA,0,NA
Uzbekistan,2017,NA,0,NA
Uzbekistan,2018,NA,0,NA
Uzbekistan,2019,NA,0,NA
Uzbekistan,2020,NA,0,NA
Uzbekistan,2021,NA,0,NA
Vanuatu,2006,NA,0,NA
Vanuatu,2007,NA,0,NA
Vanuatu,2008,NA,0,NA
Vanuatu,2009,NA,0,NA
Vanuatu,2010,NA,0,NA
Vanuatu,2011,NA,0,NA
Vanuatu,2012,NA,0,NA
Vanuatu,2013,NA,0,NA
Vanuatu,2014,NA,0,NA
Vanuatu,2015,NA,0,NA
Vanuatu,2016,NA,0,NA
Vanuatu,2017,NA,0,NA
Vanuatu,2018,NA,0,NA
Vanuatu,2019,NA,0,NA
Vanuatu,2020,NA,0,NA
Vanuatu,2021,NA,0,NA
Vatican City,2020,NA,0,NA
Vatican City,2021,NA,0,NA
Venezuela,2006,NA,0,NA
Venezuela,2007,NA,0,NA
Venezuela,2008,NA,0,NA
Venezuela,2009,NA,0,NA
Venezuela,2010,NA,0,NA
Venezuela,2011,NA,0,NA
Venezuela,2012,NA,0,NA
Venezuela,2013,NA,0,NA
Venezuela,2014,NA,0,NA
Venezuela,2015,NA,0,NA
Venezuela,2016,NA,0,NA
Venezuela,2017,NA,0,NA
Venezuela,2018,NA,0,NA
Venezuela,2019,NA,0,NA
Venezuela,2020,NA,0,NA
Venezuela,2021,NA,0,NA
Vietnam,2006,NA,0,NA
Vietnam,2007,NA,0,NA
Vietnam,2008,NA,0,NA
Vietnam,2009,NA,0,NA
Vietnam,2010,NA,0,NA
Vietnam,2011,NA,0,NA
Vietnam,2012,NA,0,NA
Vietnam,2013,NA,0,NA
Vietnam,2014,NA,0,NA
Vietnam,2015,NA,0,NA
Vietnam,2016,NA,0,NA
Vietnam,2017,NA,0,NA
Vietnam,2018,NA,0,NA
Vietnam,2019,NA,0,NA
Vietnam,2020,NA,0,NA
Vietnam,2021,NA,0,NA
Western Sahara,2012,NA,0,NA
Western Sahara,2013,NA,0,NA
Western Sahara,2014,NA,0,NA
Western Sahara,2015,NA,0,NA
Western Sahara,2016,NA,0,NA
Western Sahara,2017,NA,0,NA
Western Sahara,2018,NA,0,NA
Western Sahara,2019,NA,0,NA
Yemen,2006,NA,0,NA
Yemen,2007,NA,0,NA
Yemen,2008,NA,0,NA
Yemen,2009,NA,0,NA
Yemen,2010,NA,0,NA
Yemen,2011,NA,0,NA
Yemen,2012,NA,0,NA
Yemen,2013,NA,0,NA
Yemen,2014,NA,0,NA
Yemen,2015,NA,0,NA
Yemen,2016,NA,0,NA
Yemen,2017,NA,0,NA
Yemen,2018,NA,0,NA
Yemen,2019,NA,0,NA
Yemen,2020,NA,0,NA
Yemen,2021,NA,0,NA
Zambia,2006,NA,0,NA
Zambia,2007,NA,0,NA
Zambia,2008,NA,0,NA
Zambia,2009,NA,0,NA
Zambia,2010,NA,0,NA
Zambia,2011,NA,0,NA
Zambia,2012,NA,0,NA
Zambia,2013,NA,0,NA
Zambia,2014,NA,0,NA
Zambia,2015,NA,0,NA
Zambia,2016,NA,0,NA
Zambia,2017,NA,0,NA
Zambia,2018,NA,0,NA
Zambia,2019,NA,0,NA
Zambia,2020,NA,0,NA
Zambia,2021,NA,0,NA
Zimbabwe,2006,NA,0,NA
Zimbabwe,2007,NA,0,NA
Zimbabwe,2008,NA,0,NA
Zimbabwe,2009,NA,0,NA
Zimbabwe,2010,NA,0,NA
Zimbabwe,2011,NA,0,NA
Zimbabwe,2012,NA,0,NA
Zimbabwe,2013,NA,0,NA
Zimbabwe,2014,NA,0,NA
Zimbabwe,2015,NA,0,NA
Zimbabwe,2016,NA,0,NA
Zimbabwe,2017,NA,0,NA
Zimbabwe,2018,NA,0,NA
Zimbabwe,2019,NA,0,NA
Zimbabwe,2020,NA,0,NA
Zimbabwe,2021,NA,0,NA
NA,2011,NA,0,NA
NA,2011,NA,0,NA
NA,2011,2,0,Implement for Results
NA,2011,2,0,Implement for Results
NA,2011,2,0,Implement for Results
NA,2011,NA,0,NA
NA,2011,2,0,Implement for Results
NA,2011,NA,0,NA
NA,2011,2,0,Implement for Results
NA,2011,NA,0,NA
NA,2011,2,0,Implement for Results
NA,2011,NA,0,NA
NA,2011,NA,0,NA
NA,2011,NA,0,NA
NA,2011,NA,0,NA
NA,2011,2,0,Implement for Results
NA,2011,2,0,Implement for Results
NA,2011,2,0,Implement for Results
NA,2011,NA,0,NA
NA,2011,2,0,Implement for Results
NA,2012,NA,0,NA
NA,2012,NA,0,NA
NA,2012,2,0,Implement for Results
NA,2012,2,0,Implement for Results
NA,2012,2,0,Implement for Results
NA,2012,NA,0,NA
NA,2012,2,0,Implement for Results
NA,2012,NA,0,NA
NA,2012,2,0,Implement for Results
NA,2012,NA,0,NA
NA,2012,2,0,Implement for Results
NA,2012,NA,0,NA
NA,2012,NA,0,NA
NA,2012,NA,0,NA
NA,2012,NA,0,NA
NA,2012,2,0,Implement for Results
NA,2012,2,0,Implement for Results
NA,2012,2,0,Implement for Results
NA,2012,NA,0,NA
NA,2012,2,0,Implement for Results
NA,2013,NA,0,NA
NA,2013,NA,0,NA
NA,2013,2,0,Implement for Results
NA,2013,2,0,Implement for Results
NA,2013,2,0,Implement for Results
NA,2013,NA,0,NA
NA,2013,2,0,Implement for Results
NA,2013,NA,0,NA
NA,2013,2,0,Implement for Results
NA,2013,NA,0,NA
NA,2013,2,0,Implement for Results
NA,2013,NA,0,NA
NA,2013,NA,0,NA
NA,2013,NA,0,NA
NA,2013,NA,0,NA
NA,2013,2,0,Implement for Results
NA,2013,2,0,Implement for Results
NA,2013,2,0,Implement for Results
NA,2013,NA,0,NA
NA,2013,2,0,Implement for Results
NA,2014,NA,0,NA
NA,2014,NA,0,NA
NA,2014,2,0,Implement for Results
NA,2014,2,0,Implement for Results
NA,2014,2,0,Implement for Results
NA,2014,NA,0,NA
NA,2014,2,0,Implement for Results
NA,2014,NA,0,NA
NA,2014,2,0,Implement for Results
NA,2014,NA,0,NA
NA,2014,2,0,Implement for Results
NA,2014,NA,0,NA
NA,2014,NA,0,NA
NA,2014,NA,0,NA
NA,2014,NA,0,NA
NA,2014,2,0,Implement for Results
NA,2014,2,0,Implement for Results
NA,2014,2,0,Implement for Results
NA,2014,NA,0,NA
NA,2014,2,0,Implement for Results
NA,2015,NA,0,NA
NA,2015,NA,0,NA
NA,2015,2,0,Implement for Results
NA,2015,2,0,Implement for Results
NA,2015,2,0,Implement for Results
NA,2015,NA,0,NA
NA,2015,2,0,Implement for Results
NA,2015,NA,0,NA
NA,2015,2,0,Implement for Results
NA,2015,NA,0,NA
NA,2015,2,0,Implement for Results
NA,2015,NA,0,NA
NA,2015,NA,0,NA
NA,2015,NA,0,NA
NA,2015,NA,0,NA
NA,2015,2,0,Implement for Results
NA,2015,2,0,Implement for Results
NA,2015,2,0,Implement for Results
NA,2015,NA,0,NA
NA,2015,2,0,Implement for Results
NA,2016,NA,1,NA
NA,2016,NA,0,NA
NA,2016,2,1,Implement for Results
NA,2016,2,1,Implement for Results
NA,2016,2,1,Implement for Results
NA,2016,NA,0,NA
NA,2016,2,1,Implement for Results
NA,2016,NA,0,NA
NA,2016,2,1,Implement for Results
NA,2016,NA,1,NA
NA,2016,2,1,Implement for Results
NA,2016,NA,0,NA
NA,2016,NA,1,NA
NA,2016,NA,1,NA
NA,2016,NA,1,NA
NA,2016,2,1,Implement for Results
NA,2016,2,1,Implement for Results
NA,2016,2,1,Implement for Results
NA,2016,NA,0,NA
NA,2016,2,1,Implement for Results
NA,2017,NA,1,NA
NA,2017,NA,0,NA
NA,2017,2,1,Implement for Results
NA,2017,2,1,Implement for Results
NA,2017,2,1,Implement for Results
NA,2017,NA,0,NA
NA,2017,2,1,Implement for Results
NA,2017,NA,0,NA
NA,2017,2,1,Implement for Results
NA,2017,NA,1,NA
NA,2017,2,1,Implement for Results
NA,2017,NA,0,NA
NA,2017,NA,1,NA
NA,2017,NA,1,NA
NA,2017,NA,1,NA
NA,2017,2,1,Implement for Results
NA,2017,2,1,Implement for Results
NA,2017,2,1,Implement for Results
NA,2017,NA,0,NA
NA,2017,2,1,Implement for Results
NA,2018,NA,1,NA
NA,2018,NA,1,NA
NA,2018,2,1,Implement for Results
NA,2018,2,1,Implement for Results
NA,2018,2,1,Implement for Results
NA,2018,NA,1,NA
NA,2018,2,1,Implement for Results
NA,2018,NA,1,NA
NA,2018,2,1,Implement for Results
NA,2018,NA,1,NA
NA,2018,2,1,Implement for Results
NA,2018,NA,1,NA
NA,2018,NA,1,NA
NA,2018,NA,1,NA
NA,2018,NA,1,NA
NA,2018,2,1,Implement for Results
NA,2018,2,1,Implement for Results
NA,2018,2,1,Implement for Results
NA,2018,NA,1,NA
NA,2018,2,1,Implement for Results
NA,2019,NA,1,NA
NA,2019,NA,1,NA
NA,2019,2,1,Implement for Results
NA,2019,2,1,Implement for Results
NA,2019,2,1,Implement for Results
NA,2019,NA,1,NA
NA,2019,2,1,Implement for Results
NA,2019,NA,1,NA
NA,2019,2,1,Implement for Results
NA,2019,NA,1,NA
NA,2019,2,1,Implement for Results
NA,2019,NA,1,NA
NA,2019,NA,1,NA
NA,2019,NA,1,NA
NA,2019,NA,1,NA
NA,2019,2,1,Implement for Results
NA,2019,2,1,Implement for Results
NA,2019,2,1,Implement for Results
NA,2019,NA,1,NA
NA,2019,2,1,Implement for Results
NA,2020,NA,0,NA
